timestamp,raw_gesture,raw_conf,stable_gesture,stable_ratio
2026-04-23 19:24:02,NONE,0.00,NONE,1.00
2026-04-23 19:24:03,NONE,0.00,NONE,1.00
2026-04-23 19:24:03,NONE,0.00,NONE,1.00
2026-04-23 19:24:03,NONE,0.00,NONE,1.00
2026-04-23 19:24:03,NONE,0.00,NONE,1.00
2026-04-23 19:24:03,NONE,0.00,NONE,1.00
2026-04-23 19:24:03,NONE,0.00,NONE,1.00
2026-04-23 19:24:03,NONE,0.00,NONE,1.00
2026-04-23 19:24:03,NONE,0.00,NONE,1.00
2026-04-23 19:24:03,NONE,0.00,NONE,1.00
2026-04-23 19:24:03,NONE,0.00,NONE,1.00
2026-04-23 19:24:03,NONE,0.00,NONE,1.00
2026-04-23 19:24:03,NONE,0.00,NONE,1.00
2026-04-23 19:24:03,NONE,0.00,NONE,1.00
2026-04-23 19:24:03,NONE,0.00,NONE,1.00
2026-04-23 19:24:03,NONE,0.00,NONE,1.00
2026-04-23 19:24:03,NONE,0.00,NONE,1.00
2026-04-23 19:24:04,NONE,0.00,NONE,1.00
2026-04-23 19:24:04,NONE,0.00,NONE,1.00
2026-04-23 19:24:04,NONE,0.00,NONE,1.00
2026-04-23 19:24:04,NONE,0.00,NONE,1.00
2026-04-23 19:24:04,NONE,0.00,NONE,1.00
2026-04-23 19:24:04,NONE,0.00,NONE,1.00
2026-04-23 19:24:04,NONE,0.00,NONE,1.00
2026-04-23 19:24:04,NONE,0.00,NONE,1.00
2026-04-23 19:24:04,NONE,0.00,NONE,1.00
2026-04-23 19:24:04,NONE,0.00,NONE,1.00
2026-04-23 19:24:04,NONE,0.00,NONE,1.00
2026-04-23 19:24:04,NONE,0.00,NONE,1.00
2026-04-23 19:24:04,NONE,0.00,NONE,1.00
2026-04-23 19:24:04,NONE,0.00,NONE,1.00
2026-04-23 19:24:04,NONE,0.00,NONE,1.00
2026-04-23 19:24:05,NONE,0.00,NONE,1.00
2026-04-23 19:24:05,NONE,0.00,NONE,1.00
2026-04-23 19:24:05,NONE,0.00,NONE,1.00
2026-04-23 19:24:05,NONE,0.00,NONE,1.00
2026-04-23 19:24:05,NONE,0.00,NONE,1.00
2026-04-23 19:24:05,NONE,0.00,NONE,1.00
2026-04-23 19:24:05,NONE,0.00,NONE,1.00
2026-04-23 19:24:05,NONE,0.00,NONE,1.00
2026-04-23 19:24:05,NONE,0.00,NONE,1.00
2026-04-23 19:24:05,NONE,0.00,NONE,1.00
2026-04-23 19:24:05,NONE,0.00,NONE,1.00
2026-04-23 19:24:05,NONE,0.00,NONE,1.00
2026-04-23 19:24:05,NONE,0.00,NONE,1.00
2026-04-23 19:24:05,NONE,0.00,NONE,1.00
2026-04-23 19:24:06,NONE,0.00,NONE,1.00
2026-04-23 19:24:06,NONE,0.00,NONE,1.00
2026-04-23 19:24:06,NONE,0.00,NONE,1.00
2026-04-23 19:24:06,NONE,0.00,NONE,1.00
2026-04-23 19:24:06,NONE,0.00,NONE,1.00
2026-04-23 19:24:06,NONE,0.00,NONE,1.00
2026-04-23 19:24:06,NONE,0.00,NONE,1.00
2026-04-23 19:24:06,NONE,0.00,NONE,1.00
2026-04-23 19:24:06,NONE,0.00,NONE,1.00
2026-04-23 19:24:06,NONE,0.00,NONE,1.00
2026-04-23 19:24:06,NONE,0.00,NONE,1.00
2026-04-23 19:24:06,NONE,0.00,NONE,1.00
2026-04-23 19:24:06,NONE,0.00,NONE,1.00
2026-04-23 19:24:06,NONE,0.00,NONE,1.00
2026-04-23 19:24:07,NONE,0.00,NONE,1.00
2026-04-23 19:24:07,NONE,0.00,NONE,1.00
2026-04-23 19:24:07,NONE,0.00,NONE,1.00
2026-04-23 19:24:07,NONE,0.00,NONE,1.00
2026-04-23 19:24:07,NONE,0.00,NONE,1.00
2026-04-23 19:24:07,NONE,0.00,NONE,1.00
2026-04-23 19:24:07,NONE,0.00,NONE,1.00
2026-04-23 19:24:07,NONE,0.00,NONE,1.00
2026-04-23 19:24:07,NONE,0.00,NONE,1.00
2026-04-23 19:24:07,NONE,0.00,NONE,1.00
2026-04-23 19:24:07,NONE,0.00,NONE,1.00
2026-04-23 19:24:07,NONE,0.00,NONE,1.00
2026-04-23 19:24:07,NONE,0.00,NONE,1.00
2026-04-23 19:24:07,NONE,0.00,NONE,1.00
2026-04-23 19:24:08,NONE,0.00,NONE,1.00
2026-04-23 19:24:08,NONE,0.00,NONE,1.00
2026-04-23 19:24:08,NONE,0.00,NONE,1.00
2026-04-23 19:24:08,NONE,0.00,NONE,1.00
2026-04-23 19:24:08,NONE,0.00,NONE,1.00
2026-04-23 19:24:08,NONE,0.00,NONE,1.00
2026-04-23 19:24:08,NONE,0.00,NONE,1.00
2026-04-23 19:24:08,NONE,0.00,NONE,1.00
2026-04-23 19:24:08,NONE,0.00,NONE,1.00
2026-04-23 19:24:08,NONE,0.00,NONE,1.00
2026-04-23 19:24:08,NONE,0.00,NONE,1.00
2026-04-23 19:24:08,NONE,0.00,NONE,1.00
2026-04-23 19:24:08,NONE,0.00,NONE,1.00
2026-04-23 19:24:08,NONE,0.00,NONE,1.00
2026-04-23 19:24:08,NONE,0.00,NONE,1.00
2026-04-23 19:24:09,NONE,0.00,NONE,1.00
2026-04-23 19:24:09,NONE,0.00,NONE,1.00
2026-04-23 19:24:09,NONE,0.00,NONE,1.00
2026-04-23 19:24:09,NONE,0.00,NONE,1.00
2026-04-23 19:24:09,NONE,0.00,NONE,1.00
2026-04-23 19:24:09,NONE,0.00,NONE,1.00
2026-04-23 19:24:09,NONE,0.00,NONE,1.00
2026-04-23 19:24:09,NONE,0.00,NONE,1.00
2026-04-23 19:24:09,NONE,0.00,NONE,1.00
2026-04-23 19:24:09,NONE,0.00,NONE,1.00
2026-04-23 19:24:09,NONE,0.00,NONE,1.00
2026-04-23 19:24:09,NONE,0.00,NONE,1.00
2026-04-23 19:24:09,NONE,0.00,NONE,1.00
2026-04-23 19:24:09,NONE,0.00,NONE,1.00
2026-04-23 19:24:10,NONE,0.00,NONE,1.00
2026-04-23 19:24:10,NONE,0.00,NONE,1.00
2026-04-23 19:24:10,NONE,0.00,NONE,1.00
2026-04-23 19:24:10,NONE,0.00,NONE,1.00
2026-04-23 19:24:10,NONE,0.00,NONE,1.00
2026-04-23 19:24:10,NONE,0.00,NONE,1.00
2026-04-23 19:24:10,NONE,0.00,NONE,1.00
2026-04-23 19:24:10,NONE,0.00,NONE,1.00
2026-04-23 19:24:10,NONE,0.00,NONE,1.00
2026-04-23 19:24:10,NONE,0.00,NONE,1.00
2026-04-23 19:24:10,NONE,0.00,NONE,1.00
2026-04-23 19:24:10,NONE,0.00,NONE,1.00
2026-04-23 19:24:10,NONE,0.00,NONE,1.00
2026-04-23 19:24:10,NONE,0.00,NONE,1.00
2026-04-23 19:24:11,NONE,0.00,NONE,1.00
2026-04-23 19:24:11,NONE,0.00,NONE,1.00
2026-04-23 19:24:11,NONE,0.00,NONE,1.00
2026-04-23 19:24:11,NONE,0.00,NONE,1.00
2026-04-23 19:24:11,NONE,0.00,NONE,1.00
2026-04-23 19:24:11,NONE,0.00,NONE,1.00
2026-04-23 19:24:11,NONE,0.00,NONE,1.00
2026-04-23 19:24:11,NONE,0.00,NONE,1.00
2026-04-23 19:24:11,NONE,0.00,NONE,1.00
2026-04-23 19:24:11,NONE,0.00,NONE,1.00
2026-04-23 19:24:11,NONE,0.00,NONE,1.00
2026-04-23 19:24:11,NONE,0.00,NONE,1.00
2026-04-23 19:24:11,NONE,0.00,NONE,1.00
2026-04-23 19:24:11,NONE,0.00,NONE,1.00
2026-04-23 19:24:12,NONE,0.00,NONE,1.00
2026-04-23 19:24:12,NONE,0.00,NONE,1.00
2026-04-23 19:24:12,NONE,0.00,NONE,1.00
2026-04-23 19:24:12,NONE,0.00,NONE,1.00
2026-04-23 19:24:12,NONE,0.00,NONE,1.00
2026-04-23 19:24:12,NONE,0.00,NONE,1.00
2026-04-23 19:24:12,NONE,0.00,NONE,1.00
2026-04-23 19:24:12,NONE,0.00,NONE,1.00
2026-04-23 19:24:12,NONE,0.00,NONE,1.00
2026-04-23 19:24:12,NONE,0.00,NONE,1.00
2026-04-23 19:24:12,NONE,0.00,NONE,1.00
2026-04-23 19:24:12,NONE,0.00,NONE,1.00
2026-04-23 19:24:12,NONE,0.00,NONE,1.00
2026-04-23 19:24:12,NONE,0.00,NONE,1.00
2026-04-23 19:24:13,NONE,0.00,NONE,1.00
2026-04-23 19:24:13,NONE,0.00,NONE,1.00
2026-04-23 19:24:13,NONE,0.00,NONE,1.00
2026-04-23 19:24:13,NONE,0.00,NONE,1.00
2026-04-23 19:24:13,NONE,0.00,NONE,1.00
2026-04-23 19:24:13,NONE,0.00,NONE,1.00
2026-04-23 19:24:13,NONE,0.00,NONE,1.00
2026-04-23 19:24:13,NONE,0.00,NONE,1.00
2026-04-23 19:24:13,NONE,0.00,NONE,1.00
2026-04-23 19:24:13,NONE,0.00,NONE,1.00
2026-04-23 19:24:13,NONE,0.00,NONE,1.00
2026-04-23 19:24:13,NONE,0.00,NONE,1.00
2026-04-23 19:24:13,NONE,0.00,NONE,1.00
2026-04-23 19:24:13,NONE,0.00,NONE,1.00
2026-04-23 19:24:13,NONE,0.00,NONE,1.00
2026-04-23 19:24:14,NONE,0.00,NONE,1.00
2026-04-23 19:24:14,NONE,0.00,NONE,1.00
2026-04-23 19:24:14,NONE,0.00,NONE,1.00
2026-04-23 19:24:14,NONE,0.00,NONE,1.00
2026-04-23 19:24:14,NONE,0.00,NONE,1.00
2026-04-23 19:24:14,NONE,0.00,NONE,1.00
2026-04-23 19:24:14,NONE,0.00,NONE,1.00
2026-04-23 19:24:14,NONE,0.00,NONE,1.00
2026-04-23 19:24:14,NONE,0.00,NONE,1.00
2026-04-23 19:24:14,NONE,0.00,NONE,1.00
2026-04-23 19:24:14,NONE,0.00,NONE,1.00
2026-04-23 19:24:14,NONE,0.00,NONE,1.00
2026-04-23 19:24:14,NONE,0.00,NONE,1.00
2026-04-23 19:24:14,NONE,0.00,NONE,1.00
2026-04-23 19:24:15,NONE,0.00,NONE,1.00
2026-04-23 19:24:15,NONE,0.00,NONE,1.00
2026-04-23 19:24:15,NONE,0.00,NONE,1.00
2026-04-23 19:24:15,NONE,0.00,NONE,1.00
2026-04-23 19:24:15,NONE,0.00,NONE,1.00
2026-04-23 19:24:15,NONE,0.00,NONE,1.00
2026-04-23 19:24:15,NONE,0.00,NONE,1.00
2026-04-23 19:24:15,NONE,0.00,NONE,1.00
2026-04-23 19:24:15,NONE,0.00,NONE,1.00
2026-04-23 19:24:15,NONE,0.00,NONE,1.00
2026-04-23 19:24:15,NONE,0.00,NONE,1.00
2026-04-23 19:24:15,NONE,0.00,NONE,1.00
2026-04-23 19:24:15,NONE,0.00,NONE,1.00
2026-04-23 19:24:15,NONE,0.00,NONE,1.00
2026-04-23 19:24:16,NONE,0.00,NONE,1.00
2026-04-23 19:24:16,NONE,0.00,NONE,1.00
2026-04-23 19:24:16,NONE,0.00,NONE,1.00
2026-04-23 19:24:16,NONE,0.00,NONE,1.00
2026-04-23 19:24:16,NONE,0.00,NONE,1.00
2026-04-23 19:24:16,NONE,0.00,NONE,1.00
2026-04-23 19:24:16,NONE,0.00,NONE,1.00
2026-04-23 19:24:16,NONE,0.00,NONE,1.00
2026-04-23 19:24:16,NONE,0.00,NONE,1.00
2026-04-23 19:24:16,NONE,0.00,NONE,1.00
2026-04-23 19:24:16,NONE,0.00,NONE,1.00
2026-04-23 19:24:16,NONE,0.00,NONE,1.00
2026-04-23 19:24:16,NONE,0.00,NONE,1.00
2026-04-23 19:24:16,NONE,0.00,NONE,1.00
2026-04-23 19:24:16,NONE,0.00,NONE,1.00
2026-04-23 19:24:17,NONE,0.00,NONE,1.00
2026-04-23 19:24:17,NONE,0.00,NONE,1.00
2026-04-23 19:24:17,NONE,0.00,NONE,1.00
2026-04-23 19:24:17,NONE,0.00,NONE,1.00
2026-04-23 19:24:17,NONE,0.00,NONE,1.00
2026-04-23 19:24:17,NONE,0.00,NONE,1.00
2026-04-23 19:24:17,NONE,0.00,NONE,1.00
2026-04-23 19:24:17,NONE,0.00,NONE,1.00
2026-04-23 19:24:17,NONE,0.00,NONE,1.00
2026-04-23 19:24:17,NONE,0.00,NONE,1.00
2026-04-23 19:24:17,NONE,0.00,NONE,1.00
2026-04-23 19:24:17,NONE,0.00,NONE,1.00
2026-04-23 19:24:17,NONE,0.00,NONE,1.00
2026-04-23 19:24:17,NONE,0.00,NONE,1.00
2026-04-23 19:24:18,NONE,0.00,NONE,1.00
2026-04-23 19:24:18,NONE,0.00,NONE,1.00
2026-04-23 19:24:18,NONE,0.00,NONE,1.00
2026-04-23 19:24:18,NONE,0.00,NONE,1.00
2026-04-23 19:24:18,NONE,0.00,NONE,1.00
2026-04-23 19:24:18,NONE,0.00,NONE,1.00
2026-04-23 19:24:18,NONE,0.00,NONE,1.00
2026-04-23 19:24:18,NONE,0.00,NONE,1.00
2026-04-23 19:24:18,NONE,0.00,NONE,1.00
2026-04-23 19:24:18,NONE,0.00,NONE,1.00
2026-04-23 19:24:18,NONE,0.00,NONE,1.00
2026-04-23 19:24:18,NONE,0.00,NONE,1.00
2026-04-23 19:24:18,NONE,0.00,NONE,1.00
2026-04-23 19:24:18,NONE,0.00,NONE,1.00
2026-04-23 19:24:19,NONE,0.00,NONE,1.00
2026-04-23 19:24:19,NONE,0.00,NONE,1.00
2026-04-23 19:24:19,NONE,0.00,NONE,1.00
2026-04-23 19:24:19,NONE,0.00,NONE,1.00
2026-04-23 19:24:19,NONE,0.00,NONE,1.00
2026-04-23 19:24:19,NONE,0.00,NONE,1.00
2026-04-23 19:24:19,NONE,0.00,NONE,1.00
2026-04-23 19:24:19,NONE,0.00,NONE,1.00
2026-04-23 19:24:19,NONE,0.00,NONE,1.00
2026-04-23 19:24:19,NONE,0.00,NONE,1.00
2026-04-23 19:24:19,NONE,0.00,NONE,1.00
2026-04-23 19:24:19,NONE,0.00,NONE,1.00
2026-04-23 19:24:19,NONE,0.00,NONE,1.00
2026-04-23 19:24:19,NONE,0.00,NONE,1.00
2026-04-23 19:24:19,NONE,0.00,NONE,1.00
2026-04-23 19:24:20,NONE,0.00,NONE,1.00
2026-04-23 19:24:20,NONE,0.00,NONE,1.00
2026-04-23 19:24:20,NONE,0.00,NONE,1.00
2026-04-23 19:24:20,NONE,0.00,NONE,1.00
2026-04-23 19:24:20,NONE,0.00,NONE,1.00
2026-04-23 19:24:20,NONE,0.00,NONE,1.00
2026-04-23 19:24:20,NONE,0.00,NONE,1.00
2026-04-23 19:24:20,NONE,0.00,NONE,1.00
2026-04-23 19:24:20,NONE,0.00,NONE,1.00
2026-04-23 19:24:20,NONE,0.00,NONE,1.00
2026-04-23 19:24:20,NONE,0.00,NONE,1.00
2026-04-23 19:24:20,NONE,0.00,NONE,1.00
2026-04-23 19:24:20,NONE,0.00,NONE,1.00
2026-04-23 19:24:20,NONE,0.00,NONE,1.00
2026-04-23 19:24:21,NONE,0.00,NONE,1.00
2026-04-23 19:24:21,NONE,0.00,NONE,1.00
2026-04-23 19:24:21,NONE,0.00,NONE,1.00
2026-04-23 19:24:21,NONE,0.00,NONE,1.00
2026-04-23 19:24:21,NONE,0.00,NONE,1.00
2026-04-23 19:24:21,NONE,0.00,NONE,1.00
2026-04-23 19:24:21,NONE,0.00,NONE,1.00
2026-04-23 19:24:21,NONE,0.00,NONE,1.00
2026-04-23 19:24:21,NONE,0.00,NONE,1.00
2026-04-23 19:24:21,NONE,0.00,NONE,1.00
2026-04-23 19:24:21,NONE,0.00,NONE,1.00
2026-04-23 19:24:21,NONE,0.00,NONE,1.00
2026-04-23 19:24:21,NONE,0.00,NONE,1.00
2026-04-23 19:24:21,NONE,0.00,NONE,1.00
2026-04-23 19:24:22,NONE,0.00,NONE,1.00
2026-04-23 19:24:22,NONE,0.00,NONE,1.00
2026-04-23 19:24:22,NONE,0.00,NONE,1.00
2026-04-23 19:24:22,NONE,0.00,NONE,1.00
2026-04-23 19:24:22,NONE,0.00,NONE,1.00
2026-04-23 19:24:22,NONE,0.00,NONE,1.00
2026-04-23 19:24:22,NONE,0.00,NONE,1.00
2026-04-23 19:24:22,NONE,0.00,NONE,1.00
2026-04-23 19:24:22,NONE,0.00,NONE,1.00
2026-04-23 19:24:22,NONE,0.00,NONE,1.00
2026-04-23 19:24:22,NONE,0.00,NONE,1.00
2026-04-23 19:24:22,NONE,0.00,NONE,1.00
2026-04-23 19:24:22,NONE,0.00,NONE,1.00
2026-04-23 19:24:22,NONE,0.00,NONE,1.00
2026-04-23 19:24:23,NONE,0.00,NONE,1.00
2026-04-23 19:24:23,NONE,0.00,NONE,1.00
2026-04-23 19:24:23,NONE,0.00,NONE,1.00
2026-04-23 19:24:23,NONE,0.00,NONE,1.00
2026-04-23 19:24:23,NONE,0.00,NONE,1.00
2026-04-23 19:24:23,NONE,0.00,NONE,1.00
2026-04-23 19:24:23,NONE,0.00,NONE,1.00
2026-04-23 19:24:23,NONE,0.00,NONE,1.00
2026-04-23 19:24:23,NONE,0.00,NONE,1.00
2026-04-23 19:24:23,NONE,0.00,NONE,1.00
2026-04-23 19:24:23,NONE,0.00,NONE,1.00
2026-04-23 19:24:23,NONE,0.00,NONE,1.00
2026-04-23 19:24:23,NONE,0.00,NONE,1.00
2026-04-23 19:24:23,NONE,0.00,NONE,1.00
2026-04-23 19:24:23,NONE,0.00,NONE,1.00
2026-04-23 19:24:24,NONE,0.00,NONE,1.00
2026-04-23 19:24:24,NONE,0.00,NONE,1.00
2026-04-23 19:24:24,NONE,0.00,NONE,1.00
2026-04-23 19:24:24,NONE,0.00,NONE,1.00
2026-04-23 19:24:24,NONE,0.00,NONE,1.00
2026-04-23 19:24:24,NONE,0.00,NONE,1.00
2026-04-23 19:24:24,NONE,0.00,NONE,1.00
2026-04-23 19:24:24,NONE,0.00,NONE,1.00
2026-04-23 19:24:24,NONE,0.00,NONE,1.00
2026-04-23 19:24:24,NONE,0.00,NONE,1.00
2026-04-23 19:24:24,NONE,0.00,NONE,1.00
2026-04-23 19:24:24,NONE,0.00,NONE,1.00
2026-04-23 19:24:24,NONE,0.00,NONE,1.00
2026-04-23 19:24:24,NONE,0.00,NONE,1.00
2026-04-23 19:24:25,NONE,0.00,NONE,1.00
2026-04-23 19:24:25,NONE,0.00,NONE,1.00
2026-04-23 19:24:25,NONE,0.00,NONE,1.00
2026-04-23 19:24:25,NONE,0.00,NONE,1.00
2026-04-23 19:24:25,NONE,0.00,NONE,1.00
2026-04-23 19:24:25,NONE,0.00,NONE,1.00
2026-04-23 19:24:25,NONE,0.00,NONE,1.00
2026-04-23 19:24:25,NONE,0.00,NONE,1.00
2026-04-23 19:24:25,NONE,0.00,NONE,1.00
2026-04-23 19:24:25,NONE,0.00,NONE,1.00
2026-04-23 19:24:25,NONE,0.00,NONE,1.00
2026-04-23 19:24:25,NONE,0.00,NONE,1.00
2026-04-23 19:24:25,NONE,0.00,NONE,1.00
2026-04-23 19:24:25,NONE,0.00,NONE,1.00
2026-04-23 19:24:26,NONE,0.00,NONE,1.00
2026-04-23 19:24:26,NONE,0.00,NONE,1.00
2026-04-23 19:24:26,NONE,0.00,NONE,1.00
2026-04-23 19:24:26,NONE,0.00,NONE,1.00
2026-04-23 19:24:26,NONE,0.00,NONE,1.00
2026-04-23 19:24:26,NONE,0.00,NONE,1.00
2026-04-23 19:24:26,NONE,0.00,NONE,1.00
2026-04-23 19:24:26,NONE,0.00,NONE,1.00
2026-04-23 19:24:26,NONE,0.00,NONE,1.00
2026-04-23 19:24:26,NONE,0.00,NONE,1.00
2026-04-23 19:24:26,NONE,0.00,NONE,1.00
2026-04-23 19:24:26,NONE,0.00,NONE,1.00
2026-04-23 19:24:26,NONE,0.00,NONE,1.00
2026-04-23 19:24:26,NONE,0.00,NONE,1.00
2026-04-23 19:24:27,NONE,0.00,NONE,1.00
2026-04-23 19:24:27,NONE,0.00,NONE,1.00
2026-04-23 19:24:27,NONE,0.00,NONE,1.00
2026-04-23 19:24:27,NONE,0.00,NONE,1.00
2026-04-23 19:24:27,NONE,0.00,NONE,1.00
2026-04-23 19:24:27,NONE,0.00,NONE,1.00
2026-04-23 19:24:27,NONE,0.00,NONE,1.00
2026-04-23 19:24:27,NONE,0.00,NONE,1.00
2026-04-23 19:24:27,NONE,0.00,NONE,1.00
2026-04-23 19:24:27,NONE,0.00,NONE,1.00
2026-04-23 19:24:27,NONE,0.00,NONE,1.00
2026-04-23 19:24:27,NONE,0.00,NONE,1.00
2026-04-23 19:24:27,NONE,0.00,NONE,1.00
2026-04-23 19:24:27,NONE,0.00,NONE,1.00
2026-04-23 19:24:27,NONE,0.00,NONE,1.00
2026-04-23 19:24:28,NONE,0.00,NONE,1.00
2026-04-23 19:24:28,NONE,0.00,NONE,1.00
2026-04-23 19:24:28,NONE,0.00,NONE,1.00
2026-04-23 19:24:28,NONE,0.00,NONE,1.00
2026-04-23 19:24:28,NONE,0.00,NONE,1.00
2026-04-23 19:24:28,NONE,0.00,NONE,1.00
2026-04-23 19:24:28,NONE,0.00,NONE,1.00
2026-04-23 19:24:28,NONE,0.00,NONE,1.00
2026-04-23 19:24:28,NONE,0.00,NONE,1.00
2026-04-23 19:24:28,NONE,0.00,NONE,1.00
2026-04-23 19:24:28,NONE,0.00,NONE,1.00
2026-04-23 19:24:28,NONE,0.00,NONE,1.00
2026-04-23 19:24:28,NONE,0.00,NONE,1.00
2026-04-23 19:24:28,NONE,0.00,NONE,1.00
2026-04-23 19:24:29,NONE,0.00,NONE,1.00
2026-04-23 19:24:29,NONE,0.00,NONE,1.00
2026-04-23 19:24:29,NONE,0.00,NONE,1.00
2026-04-23 19:24:29,NONE,0.00,NONE,1.00
2026-04-23 19:24:29,NONE,0.00,NONE,1.00
2026-04-23 19:24:29,NONE,0.00,NONE,1.00
2026-04-23 19:24:29,NONE,0.00,NONE,1.00
2026-04-23 19:24:29,NONE,0.00,NONE,1.00
2026-04-23 19:24:29,NONE,0.00,NONE,1.00
2026-04-23 19:24:29,NONE,0.00,NONE,1.00
2026-04-23 19:24:29,NONE,0.00,NONE,1.00
2026-04-23 19:24:29,NONE,0.00,NONE,1.00
2026-04-23 19:24:29,NONE,0.00,NONE,1.00
2026-04-23 19:24:29,NONE,0.00,NONE,1.00
2026-04-23 19:24:30,NONE,0.00,NONE,1.00
2026-04-23 19:24:30,NONE,0.00,NONE,1.00
2026-04-23 19:24:30,NONE,0.00,NONE,1.00
2026-04-23 19:24:30,NONE,0.00,NONE,1.00
2026-04-23 19:24:30,NONE,0.00,NONE,1.00
2026-04-23 19:24:30,NONE,0.00,NONE,1.00
2026-04-23 19:24:30,NONE,0.00,NONE,1.00
2026-04-23 19:24:30,NONE,0.00,NONE,1.00
2026-04-23 19:24:30,NONE,0.00,NONE,1.00
2026-04-23 19:24:30,NONE,0.00,NONE,1.00
2026-04-23 19:24:30,NONE,0.00,NONE,1.00
2026-04-23 19:24:30,NONE,0.00,NONE,1.00
2026-04-23 19:24:30,NONE,0.00,NONE,1.00
2026-04-23 19:24:30,NONE,0.00,NONE,1.00
2026-04-23 19:24:31,NONE,0.00,NONE,1.00
2026-04-23 19:24:31,NONE,0.00,NONE,1.00
2026-04-23 19:24:31,NONE,0.00,NONE,1.00
2026-04-23 19:24:31,NONE,0.00,NONE,1.00
2026-04-23 19:24:31,NONE,0.00,NONE,1.00
2026-04-23 19:24:31,NONE,0.00,NONE,1.00
2026-04-23 19:24:31,NONE,0.00,NONE,1.00
2026-04-23 19:24:31,NONE,0.00,NONE,1.00
2026-04-23 19:24:31,NONE,0.00,NONE,1.00
2026-04-23 19:24:31,NONE,0.00,NONE,1.00
2026-04-23 19:24:31,NONE,0.00,NONE,1.00
2026-04-23 19:24:31,NONE,0.00,NONE,1.00
2026-04-23 19:24:31,NONE,0.00,NONE,1.00
2026-04-23 19:24:31,NONE,0.00,NONE,1.00
2026-04-23 19:24:31,NONE,0.00,NONE,1.00
2026-04-23 19:24:32,NONE,0.00,NONE,1.00
2026-04-23 19:24:32,NONE,0.00,NONE,1.00
2026-04-23 19:24:32,NONE,0.00,NONE,1.00
2026-04-23 19:24:32,NONE,0.00,NONE,1.00
2026-04-23 19:24:32,NONE,0.00,NONE,1.00
2026-04-23 19:24:32,NONE,0.00,NONE,1.00
2026-04-23 19:24:32,NONE,0.00,NONE,1.00
2026-04-23 19:24:32,NONE,0.00,NONE,1.00
2026-04-23 19:24:32,NONE,0.00,NONE,1.00
2026-04-23 19:24:32,NONE,0.00,NONE,1.00
2026-04-23 19:24:32,NONE,0.00,NONE,1.00
2026-04-23 19:24:32,NONE,0.00,NONE,1.00
2026-04-23 19:24:32,NONE,0.00,NONE,1.00
2026-04-23 19:24:33,NONE,0.00,NONE,1.00
2026-04-23 19:24:33,NONE,0.00,NONE,1.00
2026-04-23 19:24:33,NONE,0.00,NONE,1.00
2026-04-23 19:24:33,NONE,0.00,NONE,1.00
2026-04-23 19:24:33,NONE,0.00,NONE,1.00
2026-04-23 19:24:33,NONE,0.00,NONE,1.00
2026-04-23 19:24:33,NONE,0.00,NONE,1.00
2026-04-23 19:24:33,NONE,0.00,NONE,1.00
2026-04-23 19:24:33,NONE,0.00,NONE,1.00
2026-04-23 19:24:33,NONE,0.00,NONE,1.00
2026-04-23 19:24:33,NONE,0.00,NONE,1.00
2026-04-23 19:24:33,NONE,0.00,NONE,1.00
2026-04-23 19:24:33,NONE,0.00,NONE,1.00
2026-04-23 19:24:33,NONE,0.00,NONE,1.00
2026-04-23 19:24:33,NONE,0.00,NONE,1.00
2026-04-23 19:24:34,NONE,0.00,NONE,1.00
2026-04-23 19:24:34,NONE,0.00,NONE,1.00
2026-04-23 19:24:34,NONE,0.00,NONE,1.00
2026-04-23 19:24:34,NONE,0.00,NONE,1.00
2026-04-23 19:24:34,NONE,0.00,NONE,1.00
2026-04-23 19:24:34,NONE,0.00,NONE,1.00
2026-04-23 19:24:34,NONE,0.00,NONE,1.00
2026-04-23 19:24:34,NONE,0.00,NONE,1.00
2026-04-23 19:24:34,NONE,0.00,NONE,1.00
2026-04-23 19:24:34,NONE,0.00,NONE,1.00
2026-04-23 19:24:34,NONE,0.00,NONE,1.00
2026-04-23 19:24:34,NONE,0.00,NONE,1.00
2026-04-23 19:24:34,NONE,0.00,NONE,1.00
2026-04-23 19:24:34,NONE,0.00,NONE,1.00
2026-04-23 19:24:34,NONE,0.00,NONE,1.00
2026-04-23 19:24:35,NONE,0.00,NONE,1.00
2026-04-23 19:24:35,NONE,0.00,NONE,1.00
2026-04-23 19:24:35,NONE,0.00,NONE,1.00
2026-04-23 19:24:35,NONE,0.00,NONE,1.00
2026-04-23 19:24:35,NONE,0.00,NONE,1.00
2026-04-23 19:24:35,NONE,0.00,NONE,1.00
2026-04-23 19:24:35,NONE,0.00,NONE,1.00
2026-04-23 19:24:35,NONE,0.00,NONE,1.00
2026-04-23 19:24:35,NONE,0.00,NONE,1.00
2026-04-23 19:24:35,NONE,0.00,NONE,1.00
2026-04-23 19:24:35,NONE,0.00,NONE,1.00
2026-04-23 19:24:35,NONE,0.00,NONE,1.00
2026-04-23 19:24:35,NONE,0.00,NONE,1.00
2026-04-23 19:24:35,NONE,0.00,NONE,1.00
2026-04-23 19:24:36,NONE,0.00,NONE,1.00
2026-04-23 19:24:36,NONE,0.00,NONE,1.00
2026-04-23 19:24:36,NONE,0.00,NONE,1.00
2026-04-23 19:24:36,NONE,0.00,NONE,1.00
2026-04-23 19:24:36,NONE,0.00,NONE,1.00
2026-04-23 19:24:36,NONE,0.00,NONE,1.00
2026-04-23 19:24:36,NONE,0.00,NONE,1.00
2026-04-23 19:24:36,NONE,0.00,NONE,1.00
2026-04-23 19:24:36,NONE,0.00,NONE,1.00
2026-04-23 19:24:36,NONE,0.00,NONE,1.00
2026-04-23 19:24:36,NONE,0.00,NONE,1.00
2026-04-23 19:24:36,NONE,0.00,NONE,1.00
2026-04-23 19:24:36,NONE,0.00,NONE,1.00
2026-04-23 19:24:36,NONE,0.00,NONE,1.00
2026-04-23 19:24:37,NONE,0.00,NONE,1.00
2026-04-23 19:24:37,NONE,0.00,NONE,1.00
2026-04-23 19:24:37,NONE,0.00,NONE,1.00
2026-04-23 19:24:37,NONE,0.00,NONE,1.00
2026-04-23 19:24:37,NONE,0.00,NONE,1.00
2026-04-23 19:24:37,NONE,0.00,NONE,1.00
2026-04-23 19:24:37,NONE,0.00,NONE,1.00
2026-04-23 19:24:37,NONE,0.00,NONE,1.00
2026-04-23 19:24:37,NONE,0.00,NONE,1.00
2026-04-23 19:24:37,NONE,0.00,NONE,1.00
2026-04-23 19:24:37,NONE,0.00,NONE,1.00
2026-04-23 19:24:37,NONE,0.00,NONE,1.00
2026-04-23 19:24:37,NONE,0.00,NONE,1.00
2026-04-23 19:24:37,NONE,0.00,NONE,1.00
2026-04-23 19:24:38,NONE,0.00,NONE,1.00
2026-04-23 19:24:38,NONE,0.00,NONE,1.00
2026-04-23 19:24:38,NONE,0.00,NONE,1.00
2026-04-23 19:24:38,NONE,0.00,NONE,1.00
2026-04-23 19:24:38,NONE,0.00,NONE,1.00
2026-04-23 19:24:38,NONE,0.00,NONE,1.00
2026-04-23 19:24:38,NONE,0.00,NONE,1.00
2026-04-23 19:24:38,NONE,0.00,NONE,1.00
2026-04-23 19:24:38,NONE,0.00,NONE,1.00
2026-04-23 19:24:38,NONE,0.00,NONE,1.00
2026-04-23 19:24:38,NONE,0.00,NONE,1.00
2026-04-23 19:24:38,NONE,0.00,NONE,1.00
2026-04-23 19:24:38,NONE,0.00,NONE,1.00
2026-04-23 19:24:38,NONE,0.00,NONE,1.00
2026-04-23 19:24:38,NONE,0.00,NONE,1.00
2026-04-23 19:24:39,NONE,0.00,NONE,1.00
2026-04-23 19:24:39,NONE,0.00,NONE,1.00
2026-04-23 19:24:39,NONE,0.00,NONE,1.00
2026-04-23 19:24:39,NONE,0.00,NONE,1.00
2026-04-23 19:24:39,NONE,0.00,NONE,1.00
2026-04-23 19:24:39,NONE,0.00,NONE,1.00
2026-04-23 19:24:39,NONE,0.00,NONE,1.00
2026-04-23 19:24:39,NONE,0.00,NONE,1.00
2026-04-23 19:24:39,NONE,0.00,NONE,1.00
2026-04-23 19:24:39,NONE,0.00,NONE,1.00
2026-04-23 19:24:39,NONE,0.00,NONE,1.00
2026-04-23 19:24:39,NONE,0.00,NONE,1.00
2026-04-23 19:24:39,NONE,0.00,NONE,1.00
2026-04-23 19:24:39,NONE,0.00,NONE,1.00
2026-04-23 19:24:40,NONE,0.00,NONE,1.00
2026-04-23 19:24:40,NONE,0.00,NONE,1.00
2026-04-23 19:24:40,NONE,0.00,NONE,1.00
2026-04-23 19:24:40,NONE,0.00,NONE,1.00
2026-04-23 19:24:40,NONE,0.00,NONE,1.00
2026-04-23 19:24:40,NONE,0.00,NONE,1.00
2026-04-23 19:24:40,NONE,0.00,NONE,1.00
2026-04-23 19:24:40,NONE,0.00,NONE,1.00
2026-04-23 19:24:40,NONE,0.00,NONE,1.00
2026-04-23 19:24:40,NONE,0.00,NONE,1.00
2026-04-23 19:24:40,NONE,0.00,NONE,1.00
2026-04-23 19:24:40,NONE,0.00,NONE,1.00
2026-04-23 19:24:40,NONE,0.00,NONE,1.00
2026-04-23 19:24:40,NONE,0.00,NONE,1.00
2026-04-23 19:24:41,NONE,0.00,NONE,1.00
2026-04-23 19:24:41,NONE,0.00,NONE,1.00
2026-04-23 19:24:41,NONE,0.00,NONE,1.00
2026-04-23 19:24:41,NONE,0.00,NONE,1.00
2026-04-23 19:24:41,NONE,0.00,NONE,1.00
2026-04-23 19:24:41,NONE,0.00,NONE,1.00
2026-04-23 19:24:41,NONE,0.00,NONE,1.00
2026-04-23 19:24:41,NONE,0.00,NONE,1.00
2026-04-23 19:24:41,NONE,0.00,NONE,1.00
2026-04-23 19:24:41,NONE,0.00,NONE,1.00
2026-04-23 19:24:41,NONE,0.00,NONE,1.00
2026-04-23 19:24:41,NONE,0.00,NONE,1.00
2026-04-23 19:24:41,NONE,0.00,NONE,1.00
2026-04-23 19:24:41,NONE,0.00,NONE,1.00
2026-04-23 19:24:42,NONE,0.00,NONE,1.00
2026-04-23 19:24:42,NONE,0.00,NONE,1.00
2026-04-23 19:24:42,NONE,0.00,NONE,1.00
2026-04-23 19:24:42,NONE,0.00,NONE,1.00
2026-04-23 19:24:42,NONE,0.00,NONE,1.00
2026-04-23 19:24:42,NONE,0.00,NONE,1.00
2026-04-23 19:24:42,NONE,0.00,NONE,1.00
2026-04-23 19:24:42,NONE,0.00,NONE,1.00
2026-04-23 19:24:42,NONE,0.00,NONE,1.00
2026-04-23 19:24:42,NONE,0.00,NONE,1.00
2026-04-23 19:24:42,NONE,0.00,NONE,1.00
2026-04-23 19:24:42,NONE,0.00,NONE,1.00
2026-04-23 19:24:42,NONE,0.00,NONE,1.00
2026-04-23 19:24:42,NONE,0.00,NONE,1.00
2026-04-23 19:24:42,NONE,0.00,NONE,1.00
2026-04-23 19:24:43,NONE,0.00,NONE,1.00
2026-04-23 19:24:43,NONE,0.00,NONE,1.00
2026-04-23 19:24:43,NONE,0.00,NONE,1.00
2026-04-23 19:24:43,NONE,0.00,NONE,1.00
2026-04-23 19:24:43,NONE,0.00,NONE,1.00
2026-04-23 19:24:43,NONE,0.00,NONE,1.00
2026-04-23 19:24:43,NONE,0.00,NONE,1.00
2026-04-23 19:24:43,NONE,0.00,NONE,1.00
2026-04-23 19:24:43,NONE,0.00,NONE,1.00
2026-04-23 19:24:43,NONE,0.00,NONE,1.00
2026-04-23 19:24:43,NONE,0.00,NONE,1.00
2026-04-23 19:24:43,NONE,0.00,NONE,1.00
2026-04-23 19:24:43,NONE,0.00,NONE,1.00
2026-04-23 19:24:43,NONE,0.00,NONE,1.00
2026-04-23 19:24:44,NONE,0.00,NONE,1.00
2026-04-23 19:24:44,NONE,0.00,NONE,1.00
2026-04-23 19:24:44,NONE,0.00,NONE,1.00
2026-04-23 19:24:44,NONE,0.00,NONE,1.00
2026-04-23 19:24:44,NONE,0.00,NONE,1.00
2026-04-23 19:24:44,NONE,0.00,NONE,1.00
2026-04-23 19:24:44,NONE,0.00,NONE,1.00
2026-04-23 19:24:44,NONE,0.00,NONE,1.00
2026-04-23 19:24:44,NONE,0.00,NONE,1.00
2026-04-23 19:24:44,NONE,0.00,NONE,1.00
2026-04-23 19:24:44,NONE,0.00,NONE,1.00
2026-04-23 19:24:44,NONE,0.00,NONE,1.00
2026-04-23 19:24:44,NONE,0.00,NONE,1.00
2026-04-23 19:24:44,NONE,0.00,NONE,1.00
2026-04-23 19:24:45,NONE,0.00,NONE,1.00
2026-04-23 19:24:45,NONE,0.00,NONE,1.00
2026-04-23 19:24:45,NONE,0.00,NONE,1.00
2026-04-23 19:24:45,OPEN_PALM,0.95,NONE,0.90
2026-04-23 19:24:45,OPEN_PALM,0.95,NONE,0.80
2026-04-23 19:24:45,TWO_FINGERS,0.90,NONE,0.70
2026-04-23 19:24:45,TWO_FINGERS,0.90,NONE,0.60
2026-04-23 19:24:45,TWO_FINGERS,0.90,UNSTABLE,0.50
2026-04-23 19:24:45,TWO_FINGERS,0.90,UNSTABLE,0.40
2026-04-23 19:24:45,TWO_FINGERS,0.90,UNSTABLE,0.50
2026-04-23 19:24:46,TWO_FINGERS,0.90,TWO_FINGERS,0.60
2026-04-23 19:24:46,TWO_FINGERS,0.90,TWO_FINGERS,0.70
2026-04-23 19:24:46,TWO_FINGERS,0.90,TWO_FINGERS,0.80
2026-04-23 19:24:46,TWO_FINGERS,0.90,TWO_FINGERS,0.90
2026-04-23 19:24:46,TWO_FINGERS,0.90,TWO_FINGERS,1.00
2026-04-23 19:24:46,TWO_FINGERS,0.90,TWO_FINGERS,1.00
2026-04-23 19:24:46,TWO_FINGERS,0.90,TWO_FINGERS,1.00
2026-04-23 19:24:46,TWO_FINGERS,0.90,TWO_FINGERS,1.00
2026-04-23 19:24:46,TWO_FINGERS,0.90,TWO_FINGERS,1.00
2026-04-23 19:24:46,TWO_FINGERS,0.90,TWO_FINGERS,1.00
2026-04-23 19:24:46,UNKNOWN,0.40,TWO_FINGERS,0.90
2026-04-23 19:24:46,TWO_FINGERS,0.90,TWO_FINGERS,0.90
2026-04-23 19:24:46,TWO_FINGERS,0.90,TWO_FINGERS,0.90
2026-04-23 19:24:46,UNKNOWN,0.40,TWO_FINGERS,0.80
2026-04-23 19:24:46,UNKNOWN,0.40,TWO_FINGERS,0.70
2026-04-23 19:24:46,UNKNOWN,0.40,TWO_FINGERS,0.60
2026-04-23 19:24:47,UNKNOWN,0.40,UNSTABLE,0.50
2026-04-23 19:24:47,TWO_FINGERS,0.90,UNSTABLE,0.50
2026-04-23 19:24:47,UNKNOWN,0.40,UNSTABLE,0.60
2026-04-23 19:24:47,UNKNOWN,0.40,UNSTABLE,0.70
2026-04-23 19:24:47,UNKNOWN,0.40,UNSTABLE,0.70
2026-04-23 19:24:47,UNKNOWN,0.40,UNSTABLE,0.80
2026-04-23 19:24:47,UNKNOWN,0.40,UNSTABLE,0.90
2026-04-23 19:24:47,UNKNOWN,0.40,UNSTABLE,0.90
2026-04-23 19:24:47,UNKNOWN,0.40,UNSTABLE,0.90
2026-04-23 19:24:47,UNKNOWN,0.40,UNSTABLE,0.90
2026-04-23 19:24:47,UNKNOWN,0.40,UNSTABLE,0.90
2026-04-23 19:24:47,UNKNOWN,0.40,UNSTABLE,1.00
2026-04-23 19:24:47,UNKNOWN,0.40,UNSTABLE,1.00
2026-04-23 19:24:47,UNKNOWN,0.40,UNSTABLE,1.00
2026-04-23 19:24:47,UNKNOWN,0.40,UNSTABLE,1.00
2026-04-23 19:24:48,UNKNOWN,0.40,UNSTABLE,1.00
2026-04-23 19:24:48,UNKNOWN,0.40,UNSTABLE,1.00
2026-04-23 19:24:48,UNKNOWN,0.40,UNSTABLE,1.00
2026-04-23 19:24:48,UNKNOWN,0.40,UNSTABLE,1.00
2026-04-23 19:24:48,UNKNOWN,0.40,UNSTABLE,1.00
2026-04-23 19:24:48,UNKNOWN,0.40,UNSTABLE,1.00
2026-04-23 19:24:48,UNKNOWN,0.40,UNSTABLE,1.00
2026-04-23 19:24:48,UNKNOWN,0.40,UNSTABLE,1.00
2026-04-23 19:24:48,UNKNOWN,0.40,UNSTABLE,1.00
2026-04-23 19:24:48,UNKNOWN,0.40,UNSTABLE,1.00
2026-04-23 19:24:48,UNKNOWN,0.40,UNSTABLE,1.00
2026-04-23 19:24:48,UNKNOWN,0.40,UNSTABLE,1.00
2026-04-23 19:24:48,UNKNOWN,0.40,UNSTABLE,1.00
2026-04-23 19:24:48,UNKNOWN,0.40,UNSTABLE,1.00
2026-04-23 19:24:49,UNKNOWN,0.40,UNSTABLE,1.00
2026-04-23 19:24:49,UNKNOWN,0.40,UNSTABLE,1.00
2026-04-23 19:24:49,UNKNOWN,0.40,UNSTABLE,1.00
2026-04-23 19:24:49,UNKNOWN,0.40,UNSTABLE,1.00
2026-04-23 19:24:49,UNKNOWN,0.40,UNSTABLE,1.00
2026-04-23 19:24:49,UNKNOWN,0.40,UNSTABLE,1.00
2026-04-23 19:24:49,UNKNOWN,0.40,UNSTABLE,1.00
2026-04-23 19:24:49,UNKNOWN,0.40,UNSTABLE,1.00
2026-04-23 19:24:49,UNKNOWN,0.40,UNSTABLE,1.00
2026-04-23 19:24:49,UNKNOWN,0.40,UNSTABLE,1.00
2026-04-23 19:24:49,UNKNOWN,0.40,UNSTABLE,1.00
2026-04-23 19:24:49,UNKNOWN,0.40,UNSTABLE,1.00
2026-04-23 19:24:49,UNKNOWN,0.40,UNSTABLE,1.00
2026-04-23 19:24:49,UNKNOWN,0.40,UNSTABLE,1.00
2026-04-23 19:24:49,UNKNOWN,0.40,UNSTABLE,1.00
2026-04-23 19:24:50,UNKNOWN,0.40,UNSTABLE,1.00
2026-04-23 19:24:50,UNKNOWN,0.40,UNSTABLE,1.00
2026-04-23 19:24:50,UNKNOWN,0.40,UNSTABLE,1.00
2026-04-23 19:24:50,UNKNOWN,0.40,UNSTABLE,1.00
2026-04-23 19:24:50,UNKNOWN,0.40,UNSTABLE,1.00
2026-04-23 19:24:50,UNKNOWN,0.40,UNSTABLE,1.00
2026-04-23 19:24:50,UNKNOWN,0.40,UNSTABLE,1.00
2026-04-23 19:24:50,UNKNOWN,0.40,UNSTABLE,1.00
2026-04-23 19:24:50,UNKNOWN,0.40,UNSTABLE,1.00
2026-04-23 19:24:50,UNKNOWN,0.40,UNSTABLE,1.00
2026-04-23 19:24:50,UNKNOWN,0.40,UNSTABLE,1.00
2026-04-23 19:24:50,UNKNOWN,0.40,UNSTABLE,1.00
2026-04-23 19:24:50,UNKNOWN,0.40,UNSTABLE,1.00
2026-04-23 19:24:50,UNKNOWN,0.40,UNSTABLE,1.00
2026-04-23 19:24:51,UNKNOWN,0.40,UNSTABLE,1.00
2026-04-23 19:24:51,UNKNOWN,0.40,UNSTABLE,1.00
2026-04-23 19:24:51,UNKNOWN,0.40,UNSTABLE,1.00
2026-04-23 19:24:51,UNKNOWN,0.40,UNSTABLE,1.00
2026-04-23 19:24:51,UNKNOWN,0.40,UNSTABLE,1.00
2026-04-23 19:24:51,UNKNOWN,0.40,UNSTABLE,1.00
2026-04-23 19:24:51,UNKNOWN,0.40,UNSTABLE,1.00
2026-04-23 19:24:51,UNKNOWN,0.40,UNSTABLE,1.00
2026-04-23 19:24:51,TWO_FINGERS,0.90,UNSTABLE,0.90
2026-04-23 19:24:51,TWO_FINGERS,0.90,UNSTABLE,0.80
2026-04-23 19:24:51,TWO_FINGERS,0.90,UNSTABLE,0.70
2026-04-23 19:24:51,UNKNOWN,0.40,UNSTABLE,0.70
2026-04-23 19:24:51,UNKNOWN,0.40,UNSTABLE,0.70
2026-04-23 19:24:52,UNKNOWN,0.40,UNSTABLE,0.70
2026-04-23 19:24:52,UNKNOWN,0.40,UNSTABLE,0.70
2026-04-23 19:24:52,UNKNOWN,0.40,UNSTABLE,0.70
2026-04-23 19:24:52,UNKNOWN,0.40,UNSTABLE,0.70
2026-04-23 19:24:52,UNKNOWN,0.40,UNSTABLE,0.70
2026-04-23 19:24:52,UNKNOWN,0.40,UNSTABLE,0.80
2026-04-23 19:24:52,UNKNOWN,0.40,UNSTABLE,0.90
2026-04-23 19:24:52,TWO_FINGERS,0.90,UNSTABLE,0.90
2026-04-23 19:24:52,UNKNOWN,0.40,UNSTABLE,0.90
2026-04-23 19:24:52,UNKNOWN,0.40,UNSTABLE,0.90
2026-04-23 19:24:52,UNKNOWN,0.40,UNSTABLE,0.90
2026-04-23 19:24:52,UNKNOWN,0.40,UNSTABLE,0.90
2026-04-23 19:24:52,UNKNOWN,0.40,UNSTABLE,0.90
2026-04-23 19:24:52,TWO_FINGERS,0.90,UNSTABLE,0.80
2026-04-23 19:24:53,UNKNOWN,0.40,UNSTABLE,0.80
2026-04-23 19:24:53,UNKNOWN,0.40,UNSTABLE,0.80
2026-04-23 19:24:53,UNKNOWN,0.40,UNSTABLE,0.80
2026-04-23 19:24:53,UNKNOWN,0.40,UNSTABLE,0.90
2026-04-23 19:24:53,UNKNOWN,0.40,UNSTABLE,0.90
2026-04-23 19:24:53,UNKNOWN,0.40,UNSTABLE,0.90
2026-04-23 19:24:53,UNKNOWN,0.40,UNSTABLE,0.90
2026-04-23 19:24:53,TWO_FINGERS,0.90,UNSTABLE,0.80
2026-04-23 19:24:53,UNKNOWN,0.40,UNSTABLE,0.80
2026-04-23 19:24:53,UNKNOWN,0.40,UNSTABLE,0.90
2026-04-23 19:24:53,UNKNOWN,0.40,UNSTABLE,0.90
2026-04-23 19:24:53,UNKNOWN,0.40,UNSTABLE,0.90
2026-04-23 19:24:53,UNKNOWN,0.40,UNSTABLE,0.90
2026-04-23 19:24:53,UNKNOWN,0.40,UNSTABLE,0.90
2026-04-23 19:24:53,UNKNOWN,0.40,UNSTABLE,0.90
2026-04-23 19:24:54,UNKNOWN,0.40,UNSTABLE,0.90
2026-04-23 19:24:54,UNKNOWN,0.40,UNSTABLE,0.90
2026-04-23 19:24:54,UNKNOWN,0.40,UNSTABLE,1.00
2026-04-23 19:24:54,UNKNOWN,0.40,UNSTABLE,1.00
2026-04-23 19:24:54,UNKNOWN,0.40,UNSTABLE,1.00
2026-04-23 19:24:54,UNKNOWN,0.40,UNSTABLE,1.00
2026-04-23 19:24:54,UNKNOWN,0.40,UNSTABLE,1.00
2026-04-23 19:24:54,UNKNOWN,0.40,UNSTABLE,1.00
2026-04-23 19:24:54,UNKNOWN,0.40,UNSTABLE,1.00
2026-04-23 19:24:54,UNKNOWN,0.40,UNSTABLE,1.00
2026-04-23 19:24:54,UNKNOWN,0.40,UNSTABLE,1.00
2026-04-23 19:24:54,UNKNOWN,0.40,UNSTABLE,1.00
2026-04-23 19:24:54,UNKNOWN,0.40,UNSTABLE,1.00
2026-04-23 19:24:54,UNKNOWN,0.40,UNSTABLE,1.00
2026-04-23 19:24:55,UNKNOWN,0.40,UNSTABLE,1.00
2026-04-23 19:24:55,UNKNOWN,0.40,UNSTABLE,1.00
2026-04-23 19:24:55,UNKNOWN,0.40,UNSTABLE,1.00
2026-04-23 19:24:55,UNKNOWN,0.40,UNSTABLE,1.00
2026-04-23 19:24:55,UNKNOWN,0.40,UNSTABLE,1.00
2026-04-23 19:24:55,UNKNOWN,0.40,UNSTABLE,1.00
2026-04-23 19:24:55,UNKNOWN,0.40,UNSTABLE,1.00
2026-04-23 19:24:55,UNKNOWN,0.40,UNSTABLE,1.00
2026-04-23 19:24:55,UNKNOWN,0.40,UNSTABLE,1.00
2026-04-23 19:24:55,UNKNOWN,0.40,UNSTABLE,1.00
2026-04-23 19:24:55,UNKNOWN,0.40,UNSTABLE,1.00
2026-04-23 19:24:55,UNKNOWN,0.40,UNSTABLE,1.00
2026-04-23 19:24:55,UNKNOWN,0.40,UNSTABLE,1.00
2026-04-23 19:24:55,UNKNOWN,0.40,UNSTABLE,1.00
2026-04-23 19:24:56,UNKNOWN,0.40,UNSTABLE,1.00
2026-04-23 19:24:56,UNKNOWN,0.40,UNSTABLE,1.00
2026-04-23 19:24:56,UNKNOWN,0.40,UNSTABLE,1.00
2026-04-23 19:24:56,UNKNOWN,0.40,UNSTABLE,1.00
2026-04-23 19:24:56,UNKNOWN,0.40,UNSTABLE,1.00
2026-04-23 19:24:56,UNKNOWN,0.40,UNSTABLE,1.00
2026-04-23 19:24:56,UNKNOWN,0.40,UNSTABLE,1.00
2026-04-23 19:24:56,UNKNOWN,0.40,UNSTABLE,1.00
2026-04-23 19:24:56,UNKNOWN,0.40,UNSTABLE,1.00
2026-04-23 19:24:56,UNKNOWN,0.40,UNSTABLE,1.00
2026-04-23 19:24:56,UNKNOWN,0.40,UNSTABLE,1.00
2026-04-23 19:24:56,UNKNOWN,0.40,UNSTABLE,1.00
2026-04-23 19:24:56,UNKNOWN,0.40,UNSTABLE,1.00
2026-04-23 19:24:56,UNKNOWN,0.40,UNSTABLE,1.00
2026-04-23 19:24:56,UNKNOWN,0.40,UNSTABLE,1.00
2026-04-23 19:24:57,UNKNOWN,0.40,UNSTABLE,1.00
2026-04-23 19:24:57,UNKNOWN,0.40,UNSTABLE,1.00
2026-04-23 19:24:57,UNKNOWN,0.40,UNSTABLE,1.00
2026-04-23 19:24:57,UNKNOWN,0.40,UNSTABLE,1.00
2026-04-23 19:24:57,UNKNOWN,0.40,UNSTABLE,1.00
2026-04-23 19:24:57,UNKNOWN,0.40,UNSTABLE,1.00
2026-04-23 19:24:57,UNKNOWN,0.40,UNSTABLE,1.00
2026-04-23 19:24:57,UNKNOWN,0.40,UNSTABLE,1.00
2026-04-23 19:24:57,UNKNOWN,0.40,UNSTABLE,1.00
2026-04-23 19:24:57,UNKNOWN,0.40,UNSTABLE,1.00
2026-04-23 19:24:57,UNKNOWN,0.40,UNSTABLE,1.00
2026-04-23 19:24:57,UNKNOWN,0.40,UNSTABLE,1.00
2026-04-23 19:24:57,UNKNOWN,0.40,UNSTABLE,1.00
2026-04-23 19:24:57,UNKNOWN,0.40,UNSTABLE,1.00
2026-04-23 19:24:58,UNKNOWN,0.40,UNSTABLE,1.00
2026-04-23 19:24:58,UNKNOWN,0.40,UNSTABLE,1.00
2026-04-23 19:24:58,UNKNOWN,0.40,UNSTABLE,1.00
2026-04-23 19:24:58,UNKNOWN,0.40,UNSTABLE,1.00
2026-04-23 19:24:58,UNKNOWN,0.40,UNSTABLE,1.00
2026-04-23 19:24:58,OPEN_PALM,0.95,UNSTABLE,0.90
2026-04-23 19:24:58,OPEN_PALM,0.95,UNSTABLE,0.80
2026-04-23 19:24:58,OPEN_PALM,0.95,UNSTABLE,0.70
2026-04-23 19:24:58,OPEN_PALM,0.95,UNSTABLE,0.60
2026-04-23 19:24:58,OPEN_PALM,0.95,UNSTABLE,0.50
2026-04-23 19:24:58,OPEN_PALM,0.95,OPEN_PALM,0.60
2026-04-23 19:24:58,OPEN_PALM,0.95,OPEN_PALM,0.70
2026-04-23 19:24:58,OPEN_PALM,0.95,OPEN_PALM,0.80
2026-04-23 19:24:58,OPEN_PALM,0.95,OPEN_PALM,0.90
2026-04-23 19:24:59,OPEN_PALM,0.95,OPEN_PALM,1.00
2026-04-23 19:24:59,OPEN_PALM,0.95,OPEN_PALM,1.00
2026-04-23 19:24:59,OPEN_PALM,0.95,OPEN_PALM,1.00
2026-04-23 19:24:59,OPEN_PALM,0.95,OPEN_PALM,1.00
2026-04-23 19:24:59,OPEN_PALM,0.95,OPEN_PALM,1.00
2026-04-23 19:24:59,UNKNOWN,0.40,OPEN_PALM,0.90
2026-04-23 19:24:59,OPEN_PALM,0.95,OPEN_PALM,0.90
2026-04-23 19:24:59,OPEN_PALM,0.95,OPEN_PALM,0.90
2026-04-23 19:24:59,OPEN_PALM,0.95,OPEN_PALM,0.90
2026-04-23 19:24:59,OPEN_PALM,0.95,OPEN_PALM,0.90
2026-04-23 19:24:59,OPEN_PALM,0.95,OPEN_PALM,0.90
2026-04-23 19:24:59,UNKNOWN,0.40,OPEN_PALM,0.80
2026-04-23 19:24:59,OPEN_PALM,0.95,OPEN_PALM,0.80
2026-04-23 19:24:59,OPEN_PALM,0.95,OPEN_PALM,0.80
2026-04-23 19:25:00,UNKNOWN,0.40,OPEN_PALM,0.70
2026-04-23 19:25:00,OPEN_PALM,0.95,OPEN_PALM,0.80
2026-04-23 19:25:00,OPEN_PALM,0.95,OPEN_PALM,0.80
2026-04-23 19:25:00,OPEN_PALM,0.95,OPEN_PALM,0.80
2026-04-23 19:25:00,OPEN_PALM,0.95,OPEN_PALM,0.80
2026-04-23 19:25:00,OPEN_PALM,0.95,OPEN_PALM,0.80
2026-04-23 19:25:00,OPEN_PALM,0.95,OPEN_PALM,0.80
2026-04-23 19:25:00,OPEN_PALM,0.95,OPEN_PALM,0.90
2026-04-23 19:25:00,OPEN_PALM,0.95,OPEN_PALM,0.90
2026-04-23 19:25:00,OPEN_PALM,0.95,OPEN_PALM,0.90
2026-04-23 19:25:00,OPEN_PALM,0.95,OPEN_PALM,1.00
2026-04-23 19:25:00,OPEN_PALM,0.95,OPEN_PALM,1.00
2026-04-23 19:25:00,OPEN_PALM,0.95,OPEN_PALM,1.00
2026-04-23 19:25:00,OPEN_PALM,0.95,OPEN_PALM,1.00
2026-04-23 19:25:00,OPEN_PALM,0.95,OPEN_PALM,1.00
2026-04-23 19:25:01,OPEN_PALM,0.95,OPEN_PALM,1.00
2026-04-23 19:25:01,OPEN_PALM,0.95,OPEN_PALM,1.00
2026-04-23 19:25:01,OPEN_PALM,0.95,OPEN_PALM,1.00
2026-04-23 19:25:01,OPEN_PALM,0.95,OPEN_PALM,1.00
2026-04-23 19:25:01,OPEN_PALM,0.95,OPEN_PALM,1.00
2026-04-23 19:25:01,OPEN_PALM,0.95,OPEN_PALM,1.00
2026-04-23 19:25:01,OPEN_PALM,0.95,OPEN_PALM,1.00
2026-04-23 19:25:01,UNKNOWN,0.40,OPEN_PALM,0.90
2026-04-23 19:25:01,UNKNOWN,0.40,OPEN_PALM,0.80
2026-04-23 19:25:01,OPEN_PALM,0.95,OPEN_PALM,0.80
2026-04-23 19:25:01,OPEN_PALM,0.95,OPEN_PALM,0.80
2026-04-23 19:25:01,OPEN_PALM,0.95,OPEN_PALM,0.80
2026-04-23 19:25:01,OPEN_PALM,0.95,OPEN_PALM,0.80
2026-04-23 19:25:01,OPEN_PALM,0.95,OPEN_PALM,0.80
2026-04-23 19:25:02,OPEN_PALM,0.95,OPEN_PALM,0.80
2026-04-23 19:25:02,OPEN_PALM,0.95,OPEN_PALM,0.80
2026-04-23 19:25:02,OPEN_PALM,0.95,OPEN_PALM,0.80
2026-04-23 19:25:02,OPEN_PALM,0.95,OPEN_PALM,0.90
2026-04-23 19:25:02,OPEN_PALM,0.95,OPEN_PALM,1.00
2026-04-23 19:25:02,OPEN_PALM,0.95,OPEN_PALM,1.00
2026-04-23 19:25:02,OPEN_PALM,0.95,OPEN_PALM,1.00
2026-04-23 19:25:02,OPEN_PALM,0.95,OPEN_PALM,1.00
2026-04-23 19:25:02,OPEN_PALM,0.95,OPEN_PALM,1.00
2026-04-23 19:25:02,OPEN_PALM,0.95,OPEN_PALM,1.00
2026-04-23 19:25:02,OPEN_PALM,0.95,OPEN_PALM,1.00
2026-04-23 19:25:02,OPEN_PALM,0.95,OPEN_PALM,1.00
2026-04-23 19:25:02,OPEN_PALM,0.95,OPEN_PALM,1.00
2026-04-23 19:25:02,OPEN_PALM,0.95,OPEN_PALM,1.00
2026-04-23 19:25:03,OPEN_PALM,0.95,OPEN_PALM,1.00
2026-04-23 19:25:03,OPEN_PALM,0.95,OPEN_PALM,1.00
2026-04-23 19:25:03,OPEN_PALM,0.95,OPEN_PALM,1.00
2026-04-23 19:25:03,OPEN_PALM,0.95,OPEN_PALM,1.00
2026-04-23 19:25:03,OPEN_PALM,0.95,OPEN_PALM,1.00
2026-04-23 19:25:03,OPEN_PALM,0.95,OPEN_PALM,1.00
2026-04-23 19:25:03,OPEN_PALM,0.95,OPEN_PALM,1.00
2026-04-23 19:25:03,OPEN_PALM,0.95,OPEN_PALM,1.00
2026-04-23 19:25:03,OPEN_PALM,0.95,OPEN_PALM,1.00
2026-04-23 19:25:03,OPEN_PALM,0.95,OPEN_PALM,1.00
2026-04-23 19:25:03,OPEN_PALM,0.95,OPEN_PALM,1.00
2026-04-23 19:25:03,OPEN_PALM,0.95,OPEN_PALM,1.00
2026-04-23 19:25:03,OPEN_PALM,0.95,OPEN_PALM,1.00
2026-04-23 19:25:03,OPEN_PALM,0.95,OPEN_PALM,1.00
2026-04-23 19:25:04,OPEN_PALM,0.95,OPEN_PALM,1.00
2026-04-23 19:25:04,OPEN_PALM,0.95,OPEN_PALM,1.00
2026-04-23 19:25:04,OPEN_PALM,0.95,OPEN_PALM,1.00
2026-04-23 19:25:04,OPEN_PALM,0.95,OPEN_PALM,1.00
2026-04-23 19:25:04,OPEN_PALM,0.95,OPEN_PALM,1.00
2026-04-23 19:25:04,OPEN_PALM,0.95,OPEN_PALM,1.00
2026-04-23 19:25:04,UNKNOWN,0.40,OPEN_PALM,0.90
2026-04-23 19:25:04,TWO_FINGERS,0.90,OPEN_PALM,0.80
2026-04-23 19:25:04,UNKNOWN,0.40,OPEN_PALM,0.70
2026-04-23 19:25:04,OPEN_PALM,0.95,OPEN_PALM,0.70
2026-04-23 19:25:04,OPEN_PALM,0.95,OPEN_PALM,0.70
2026-04-23 19:25:04,OPEN_PALM,0.95,OPEN_PALM,0.70
2026-04-23 19:25:04,OPEN_PALM,0.95,OPEN_PALM,0.70
2026-04-23 19:25:04,OPEN_PALM,0.95,OPEN_PALM,0.70
2026-04-23 19:25:04,OPEN_PALM,0.95,OPEN_PALM,0.70
2026-04-23 19:25:05,OPEN_PALM,0.95,OPEN_PALM,0.70
2026-04-23 19:25:05,OPEN_PALM,0.95,OPEN_PALM,0.80
2026-04-23 19:25:05,OPEN_PALM,0.95,OPEN_PALM,0.90
2026-04-23 19:25:05,OPEN_PALM,0.95,OPEN_PALM,1.00
2026-04-23 19:25:05,OPEN_PALM,0.95,OPEN_PALM,1.00
2026-04-23 19:25:05,OPEN_PALM,0.95,OPEN_PALM,1.00
2026-04-23 19:25:05,OPEN_PALM,0.95,OPEN_PALM,1.00
2026-04-23 19:25:05,OPEN_PALM,0.95,OPEN_PALM,1.00
2026-04-23 19:25:05,OPEN_PALM,0.95,OPEN_PALM,1.00
2026-04-23 19:25:05,OPEN_PALM,0.95,OPEN_PALM,1.00
2026-04-23 19:25:05,OPEN_PALM,0.95,OPEN_PALM,1.00
2026-04-23 19:25:05,OPEN_PALM,0.95,OPEN_PALM,1.00
2026-04-23 19:25:05,OPEN_PALM,0.95,OPEN_PALM,1.00
2026-04-23 19:25:05,OPEN_PALM,0.95,OPEN_PALM,1.00
2026-04-23 19:25:06,OPEN_PALM,0.95,OPEN_PALM,1.00
2026-04-23 19:25:06,OPEN_PALM,0.95,OPEN_PALM,1.00
2026-04-23 19:25:06,OPEN_PALM,0.95,OPEN_PALM,1.00
2026-04-23 19:25:06,OPEN_PALM,0.95,OPEN_PALM,1.00
2026-04-23 19:25:06,OPEN_PALM,0.95,OPEN_PALM,1.00
2026-04-23 19:25:06,OPEN_PALM,0.95,OPEN_PALM,1.00
2026-04-23 19:25:06,OPEN_PALM,0.95,OPEN_PALM,1.00
2026-04-23 19:25:06,OPEN_PALM,0.95,OPEN_PALM,1.00
2026-04-23 19:25:06,OPEN_PALM,0.95,OPEN_PALM,1.00
2026-04-23 19:25:06,OPEN_PALM,0.95,OPEN_PALM,1.00
2026-04-23 19:25:06,OPEN_PALM,0.95,OPEN_PALM,1.00
2026-04-23 19:25:06,OPEN_PALM,0.95,OPEN_PALM,1.00
2026-04-23 19:25:06,OPEN_PALM,0.95,OPEN_PALM,1.00
2026-04-23 19:25:06,OPEN_PALM,0.95,OPEN_PALM,1.00
2026-04-23 19:25:07,UNKNOWN,0.40,OPEN_PALM,0.90
2026-04-23 19:25:07,UNKNOWN,0.40,OPEN_PALM,0.80
2026-04-23 19:25:07,UNKNOWN,0.40,OPEN_PALM,0.70
2026-04-23 19:25:07,OPEN_PALM,0.95,OPEN_PALM,0.70
2026-04-23 19:25:07,UNKNOWN,0.40,OPEN_PALM,0.60
2026-04-23 19:25:07,OPEN_PALM,0.95,OPEN_PALM,0.60
2026-04-23 19:25:07,OPEN_PALM,0.95,OPEN_PALM,0.60
2026-04-23 19:25:07,OPEN_PALM,0.95,OPEN_PALM,0.60
2026-04-23 19:25:07,OPEN_PALM,0.95,OPEN_PALM,0.60
2026-04-23 19:25:07,OPEN_PALM,0.95,OPEN_PALM,0.60
2026-04-23 19:25:07,OPEN_PALM,0.95,OPEN_PALM,0.70
2026-04-23 19:25:07,OPEN_PALM,0.95,OPEN_PALM,0.80
2026-04-23 19:25:07,OPEN_PALM,0.95,OPEN_PALM,0.90
2026-04-23 19:25:07,OPEN_PALM,0.95,OPEN_PALM,0.90
2026-04-23 19:25:08,OPEN_PALM,0.95,OPEN_PALM,1.00
2026-04-23 19:25:08,OPEN_PALM,0.95,OPEN_PALM,1.00
2026-04-23 19:25:08,OPEN_PALM,0.95,OPEN_PALM,1.00
2026-04-23 19:25:08,OPEN_PALM,0.95,OPEN_PALM,1.00
2026-04-23 19:25:08,OPEN_PALM,0.95,OPEN_PALM,1.00
2026-04-23 19:25:08,OPEN_PALM,0.95,OPEN_PALM,1.00
2026-04-23 19:25:08,UNKNOWN,0.40,OPEN_PALM,0.90
2026-04-23 19:25:08,OPEN_PALM,0.95,OPEN_PALM,0.90
2026-04-23 19:25:08,OPEN_PALM,0.95,OPEN_PALM,0.90
2026-04-23 19:25:08,OPEN_PALM,0.95,OPEN_PALM,0.90
2026-04-23 19:25:08,OPEN_PALM,0.95,OPEN_PALM,0.90
2026-04-23 19:25:08,OPEN_PALM,0.95,OPEN_PALM,0.90
2026-04-23 19:25:08,OPEN_PALM,0.95,OPEN_PALM,0.90
2026-04-23 19:25:08,OPEN_PALM,0.95,OPEN_PALM,0.90
2026-04-23 19:25:08,OPEN_PALM,0.95,OPEN_PALM,0.90
2026-04-23 19:25:09,UNKNOWN,0.40,OPEN_PALM,0.80
2026-04-23 19:25:09,OPEN_PALM,0.95,OPEN_PALM,0.90
2026-04-23 19:25:09,UNKNOWN,0.40,OPEN_PALM,0.80
2026-04-23 19:25:09,OPEN_PALM,0.95,OPEN_PALM,0.80
2026-04-23 19:25:09,POINT,0.85,OPEN_PALM,0.70
2026-04-23 19:25:09,POINT,0.85,OPEN_PALM,0.60
2026-04-23 19:25:09,POINT,0.85,UNSTABLE,0.50
2026-04-23 19:25:09,POINT,0.85,UNSTABLE,0.40
2026-04-23 19:25:09,POINT,0.85,UNSTABLE,0.50
2026-04-23 19:25:09,UNKNOWN,0.40,UNSTABLE,0.50
2026-04-23 19:25:10,POINT,0.85,POINT,0.60
2026-04-23 19:25:10,POINT,0.85,POINT,0.70
2026-04-23 19:25:10,POINT,0.85,POINT,0.80
2026-04-23 19:25:10,POINT,0.85,POINT,0.90
2026-04-23 19:25:10,POINT,0.85,POINT,0.90
2026-04-23 19:25:10,POINT,0.85,POINT,0.90
2026-04-23 19:25:10,POINT,0.85,POINT,0.90
2026-04-23 19:25:10,POINT,0.85,POINT,0.90
2026-04-23 19:25:11,POINT,0.85,POINT,0.90
2026-04-23 19:25:11,POINT,0.85,POINT,1.00
2026-04-23 19:25:11,POINT,0.85,POINT,1.00
2026-04-23 19:25:11,POINT,0.85,POINT,1.00
2026-04-23 19:25:11,POINT,0.85,POINT,1.00
2026-04-23 19:25:11,POINT,0.85,POINT,1.00
2026-04-23 19:25:11,POINT,0.85,POINT,1.00
2026-04-23 19:25:11,POINT,0.85,POINT,1.00
2026-04-23 19:25:11,POINT,0.85,POINT,1.00
2026-04-23 19:25:11,POINT,0.85,POINT,1.00
2026-04-23 19:25:11,POINT,0.85,POINT,1.00
2026-04-23 19:25:11,POINT,0.85,POINT,1.00
2026-04-23 19:25:11,POINT,0.85,POINT,1.00
2026-04-23 19:25:11,POINT,0.85,POINT,1.00
2026-04-23 19:25:12,POINT,0.85,POINT,1.00
2026-04-23 19:25:12,POINT,0.85,POINT,1.00
2026-04-23 19:25:12,POINT,0.85,POINT,1.00
2026-04-23 19:25:12,POINT,0.85,POINT,1.00
2026-04-23 19:25:12,POINT,0.85,POINT,1.00
2026-04-23 19:25:12,POINT,0.85,POINT,1.00
2026-04-23 19:25:12,POINT,0.85,POINT,1.00
2026-04-23 19:25:12,POINT,0.85,POINT,1.00
2026-04-23 19:25:12,POINT,0.85,POINT,1.00
2026-04-23 19:25:12,POINT,0.85,POINT,1.00
2026-04-23 19:25:12,POINT,0.85,POINT,1.00
2026-04-23 19:25:12,POINT,0.85,POINT,1.00
2026-04-23 19:25:12,POINT,0.85,POINT,1.00
2026-04-23 19:25:12,POINT,0.85,POINT,1.00
2026-04-23 19:25:12,POINT,0.85,POINT,1.00
2026-04-23 19:25:12,POINT,0.85,POINT,1.00
2026-04-23 19:25:13,POINT,0.85,POINT,1.00
2026-04-23 19:25:13,POINT,0.85,POINT,1.00
2026-04-23 19:25:13,POINT,0.85,POINT,1.00
2026-04-23 19:25:13,POINT,0.85,POINT,1.00
2026-04-23 19:25:13,POINT,0.85,POINT,1.00
2026-04-23 19:25:13,POINT,0.85,POINT,1.00
2026-04-23 19:25:13,POINT,0.85,POINT,1.00
2026-04-23 19:25:13,POINT,0.85,POINT,1.00
2026-04-23 19:25:13,POINT,0.85,POINT,1.00
2026-04-23 19:25:14,POINT,0.85,POINT,1.00
2026-04-23 19:25:14,POINT,0.85,POINT,1.00
2026-04-23 19:25:14,POINT,0.85,POINT,1.00
2026-04-23 19:25:14,POINT,0.85,POINT,1.00
2026-04-23 19:25:14,POINT,0.85,POINT,1.00
2026-04-23 19:25:14,POINT,0.85,POINT,1.00
2026-04-23 19:25:14,POINT,0.85,POINT,1.00
2026-04-23 19:25:14,POINT,0.85,POINT,1.00
2026-04-23 19:25:14,OPEN_PALM,0.95,POINT,0.90
2026-04-23 19:25:14,UNKNOWN,0.40,POINT,0.80
2026-04-23 19:25:14,UNKNOWN,0.40,POINT,0.70
2026-04-23 19:25:14,UNKNOWN,0.40,POINT,0.60
2026-04-23 19:25:15,UNKNOWN,0.40,UNSTABLE,0.50
2026-04-23 19:25:15,UNKNOWN,0.40,UNSTABLE,0.50
2026-04-23 19:25:15,UNKNOWN,0.40,UNSTABLE,0.60
2026-04-23 19:25:15,UNKNOWN,0.40,UNSTABLE,0.70
2026-04-23 19:25:15,UNKNOWN,0.40,UNSTABLE,0.80
2026-04-23 19:25:15,UNKNOWN,0.40,UNSTABLE,0.90
2026-04-23 19:25:15,UNKNOWN,0.40,UNSTABLE,1.00
2026-04-23 19:25:15,UNKNOWN,0.40,UNSTABLE,1.00
2026-04-23 19:25:15,UNKNOWN,0.40,UNSTABLE,1.00
2026-04-23 19:25:15,UNKNOWN,0.40,UNSTABLE,1.00
2026-04-23 19:25:15,UNKNOWN,0.40,UNSTABLE,1.00
2026-04-23 19:25:15,UNKNOWN,0.40,UNSTABLE,1.00
2026-04-23 19:25:15,UNKNOWN,0.40,UNSTABLE,1.00
2026-04-23 19:25:15,UNKNOWN,0.40,UNSTABLE,1.00
2026-04-23 19:25:15,UNKNOWN,0.40,UNSTABLE,1.00
2026-04-23 19:25:15,UNKNOWN,0.40,UNSTABLE,1.00
2026-04-23 19:25:15,UNKNOWN,0.40,UNSTABLE,1.00
2026-04-23 19:25:15,UNKNOWN,0.40,UNSTABLE,1.00
2026-04-23 19:25:16,UNKNOWN,0.40,UNSTABLE,1.00
2026-04-23 19:25:16,UNKNOWN,0.40,UNSTABLE,1.00
2026-04-23 19:25:16,UNKNOWN,0.40,UNSTABLE,1.00
2026-04-23 19:25:16,UNKNOWN,0.40,UNSTABLE,1.00
2026-04-23 19:25:16,UNKNOWN,0.40,UNSTABLE,1.00
2026-04-23 19:25:16,UNKNOWN,0.40,UNSTABLE,1.00
2026-04-23 19:25:16,UNKNOWN,0.40,UNSTABLE,1.00
2026-04-23 19:25:16,UNKNOWN,0.40,UNSTABLE,1.00
2026-04-23 19:25:16,UNKNOWN,0.40,UNSTABLE,1.00
2026-04-23 19:25:16,UNKNOWN,0.40,UNSTABLE,1.00
2026-04-23 19:25:16,UNKNOWN,0.40,UNSTABLE,1.00
2026-04-23 19:25:16,UNKNOWN,0.40,UNSTABLE,1.00
2026-04-23 19:25:16,UNKNOWN,0.40,UNSTABLE,1.00
2026-04-23 19:25:16,UNKNOWN,0.40,UNSTABLE,1.00
2026-04-23 19:25:17,UNKNOWN,0.40,UNSTABLE,1.00
2026-04-23 19:25:17,UNKNOWN,0.40,UNSTABLE,1.00
2026-04-23 19:25:17,UNKNOWN,0.40,UNSTABLE,1.00
2026-04-23 19:25:17,UNKNOWN,0.40,UNSTABLE,1.00
2026-04-23 19:25:17,UNKNOWN,0.40,UNSTABLE,1.00
2026-04-23 19:25:17,UNKNOWN,0.40,UNSTABLE,1.00
2026-04-23 19:25:17,UNKNOWN,0.40,UNSTABLE,1.00
2026-04-23 19:25:17,UNKNOWN,0.40,UNSTABLE,1.00
2026-04-23 19:25:17,UNKNOWN,0.40,UNSTABLE,1.00
2026-04-23 19:25:17,UNKNOWN,0.40,UNSTABLE,1.00
2026-04-23 19:25:17,UNKNOWN,0.40,UNSTABLE,1.00
2026-04-23 19:25:17,UNKNOWN,0.40,UNSTABLE,1.00
2026-04-23 19:25:17,UNKNOWN,0.40,UNSTABLE,1.00
2026-04-23 19:25:17,UNKNOWN,0.40,UNSTABLE,1.00
2026-04-23 19:25:18,UNKNOWN,0.40,UNSTABLE,1.00
2026-04-23 19:25:18,OPEN_PALM,0.95,UNSTABLE,0.90
2026-04-23 19:25:18,UNKNOWN,0.40,UNSTABLE,0.90
2026-04-23 19:25:18,UNKNOWN,0.40,UNSTABLE,0.90
2026-04-23 19:25:18,UNKNOWN,0.40,UNSTABLE,0.90
2026-04-23 19:25:18,OPEN_PALM,0.95,UNSTABLE,0.80
2026-04-23 19:25:18,OPEN_PALM,0.95,UNSTABLE,0.70
2026-04-23 19:25:18,UNKNOWN,0.40,UNSTABLE,0.70
2026-04-23 19:25:18,UNKNOWN,0.40,UNSTABLE,0.70
2026-04-23 19:25:18,OPEN_PALM,0.95,UNSTABLE,0.60
2026-04-23 19:25:18,UNKNOWN,0.40,UNSTABLE,0.60
2026-04-23 19:25:18,UNKNOWN,0.40,UNSTABLE,0.70
2026-04-23 19:25:18,UNKNOWN,0.40,UNSTABLE,0.70
2026-04-23 19:25:18,UNKNOWN,0.40,UNSTABLE,0.70
2026-04-23 19:25:19,UNKNOWN,0.40,UNSTABLE,0.70
2026-04-23 19:25:19,UNKNOWN,0.40,UNSTABLE,0.80
2026-04-23 19:25:19,UNKNOWN,0.40,UNSTABLE,0.90
2026-04-23 19:25:19,UNKNOWN,0.40,UNSTABLE,0.90
2026-04-23 19:25:19,UNKNOWN,0.40,UNSTABLE,0.90
2026-04-23 19:25:19,UNKNOWN,0.40,UNSTABLE,1.00
2026-04-23 19:25:19,UNKNOWN,0.40,UNSTABLE,1.00
2026-04-23 19:25:19,UNKNOWN,0.40,UNSTABLE,1.00
2026-04-23 19:25:19,UNKNOWN,0.40,UNSTABLE,1.00
2026-04-23 19:25:19,UNKNOWN,0.40,UNSTABLE,1.00
2026-04-23 19:25:19,UNKNOWN,0.40,UNSTABLE,1.00
2026-04-23 19:25:19,UNKNOWN,0.40,UNSTABLE,1.00
2026-04-23 19:25:19,UNKNOWN,0.40,UNSTABLE,1.00
2026-04-23 19:25:19,UNKNOWN,0.40,UNSTABLE,1.00
2026-04-23 19:25:19,UNKNOWN,0.40,UNSTABLE,1.00
2026-04-23 19:25:20,UNKNOWN,0.40,UNSTABLE,1.00
2026-04-23 19:25:20,UNKNOWN,0.40,UNSTABLE,1.00
2026-04-23 19:25:20,UNKNOWN,0.40,UNSTABLE,1.00
2026-04-23 19:25:20,UNKNOWN,0.40,UNSTABLE,1.00
2026-04-23 19:25:20,UNKNOWN,0.40,UNSTABLE,1.00
2026-04-23 19:25:20,UNKNOWN,0.40,UNSTABLE,1.00
2026-04-23 19:25:20,UNKNOWN,0.40,UNSTABLE,1.00
2026-04-23 19:25:20,UNKNOWN,0.40,UNSTABLE,1.00
2026-04-23 19:25:20,UNKNOWN,0.40,UNSTABLE,1.00
2026-04-23 19:25:20,UNKNOWN,0.40,UNSTABLE,1.00
2026-04-23 19:25:20,UNKNOWN,0.40,UNSTABLE,1.00
2026-04-23 19:25:20,UNKNOWN,0.40,UNSTABLE,1.00
2026-04-23 19:25:20,UNKNOWN,0.40,UNSTABLE,1.00
2026-04-23 19:25:20,UNKNOWN,0.40,UNSTABLE,1.00
2026-04-23 19:25:21,UNKNOWN,0.40,UNSTABLE,1.00
2026-04-23 19:25:21,UNKNOWN,0.40,UNSTABLE,1.00
2026-04-23 19:25:21,UNKNOWN,0.40,UNSTABLE,1.00
2026-04-23 19:25:21,UNKNOWN,0.40,UNSTABLE,1.00
2026-04-23 19:25:21,UNKNOWN,0.40,UNSTABLE,1.00
2026-04-23 19:25:21,UNKNOWN,0.40,UNSTABLE,1.00
2026-04-23 19:25:21,UNKNOWN,0.40,UNSTABLE,1.00
2026-04-23 19:25:21,UNKNOWN,0.40,UNSTABLE,1.00
2026-04-23 19:25:21,UNKNOWN,0.40,UNSTABLE,1.00
2026-04-23 19:25:21,UNKNOWN,0.40,UNSTABLE,1.00
2026-04-23 19:25:21,UNKNOWN,0.40,UNSTABLE,1.00
2026-04-23 19:25:21,UNKNOWN,0.40,UNSTABLE,1.00
2026-04-23 19:25:21,UNKNOWN,0.40,UNSTABLE,1.00
2026-04-23 19:25:21,UNKNOWN,0.40,UNSTABLE,1.00
2026-04-23 19:25:22,UNKNOWN,0.40,UNSTABLE,1.00
2026-04-23 19:25:22,UNKNOWN,0.40,UNSTABLE,1.00
2026-04-23 19:25:22,UNKNOWN,0.40,UNSTABLE,1.00
2026-04-23 19:25:22,UNKNOWN,0.40,UNSTABLE,1.00
2026-04-23 19:25:22,UNKNOWN,0.40,UNSTABLE,1.00
2026-04-23 19:25:22,UNKNOWN,0.40,UNSTABLE,1.00
2026-04-23 19:25:22,UNKNOWN,0.40,UNSTABLE,1.00
2026-04-23 19:25:22,UNKNOWN,0.40,UNSTABLE,1.00
2026-04-23 19:25:22,UNKNOWN,0.40,UNSTABLE,1.00
2026-04-23 19:25:22,UNKNOWN,0.40,UNSTABLE,1.00
2026-04-23 19:25:22,UNKNOWN,0.40,UNSTABLE,1.00
2026-04-23 19:25:22,UNKNOWN,0.40,UNSTABLE,1.00
2026-04-23 19:25:22,UNKNOWN,0.40,UNSTABLE,1.00
2026-04-23 19:25:22,UNKNOWN,0.40,UNSTABLE,1.00
2026-04-23 19:25:23,UNKNOWN,0.40,UNSTABLE,1.00
2026-04-23 19:25:23,UNKNOWN,0.40,UNSTABLE,1.00
2026-04-23 19:25:23,UNKNOWN,0.40,UNSTABLE,1.00
2026-04-23 19:25:23,UNKNOWN,0.40,UNSTABLE,1.00
2026-04-23 19:25:23,UNKNOWN,0.40,UNSTABLE,1.00
2026-04-23 19:25:23,UNKNOWN,0.40,UNSTABLE,1.00
2026-04-23 19:25:23,UNKNOWN,0.40,UNSTABLE,1.00
2026-04-23 19:25:23,UNKNOWN,0.40,UNSTABLE,1.00
2026-04-23 19:25:23,UNKNOWN,0.40,UNSTABLE,1.00
2026-04-23 19:25:23,UNKNOWN,0.40,UNSTABLE,1.00
2026-04-23 19:25:23,OPEN_PALM,0.95,UNSTABLE,0.90
2026-04-23 19:25:23,OPEN_PALM,0.95,UNSTABLE,0.80
2026-04-23 19:25:23,OPEN_PALM,0.95,UNSTABLE,0.70
2026-04-23 19:25:23,OPEN_PALM,0.95,UNSTABLE,0.60
2026-04-23 19:25:23,OPEN_PALM,0.95,UNSTABLE,0.50
2026-04-23 19:25:24,OPEN_PALM,0.95,OPEN_PALM,0.60
2026-04-23 19:25:24,OPEN_PALM,0.95,OPEN_PALM,0.70
2026-04-23 19:25:24,OPEN_PALM,0.95,OPEN_PALM,0.80
2026-04-23 19:25:24,OPEN_PALM,0.95,OPEN_PALM,0.90
2026-04-23 19:25:24,OPEN_PALM,0.95,OPEN_PALM,1.00
2026-04-23 19:25:24,OPEN_PALM,0.95,OPEN_PALM,1.00
2026-04-23 19:25:24,OPEN_PALM,0.95,OPEN_PALM,1.00
2026-04-23 19:25:24,OPEN_PALM,0.95,OPEN_PALM,1.00
2026-04-23 19:25:24,OPEN_PALM,0.95,OPEN_PALM,1.00
2026-04-23 19:25:24,OPEN_PALM,0.95,OPEN_PALM,1.00
2026-04-23 19:25:24,OPEN_PALM,0.95,OPEN_PALM,1.00
2026-04-23 19:25:24,OPEN_PALM,0.95,OPEN_PALM,1.00
2026-04-23 19:25:24,OPEN_PALM,0.95,OPEN_PALM,1.00
2026-04-23 19:25:24,OPEN_PALM,0.95,OPEN_PALM,1.00
2026-04-23 19:25:25,OPEN_PALM,0.95,OPEN_PALM,1.00
2026-04-23 19:25:25,OPEN_PALM,0.95,OPEN_PALM,1.00
2026-04-23 19:25:25,OPEN_PALM,0.95,OPEN_PALM,1.00
2026-04-23 19:25:25,OPEN_PALM,0.95,OPEN_PALM,1.00
2026-04-23 19:25:25,OPEN_PALM,0.95,OPEN_PALM,1.00
2026-04-23 19:25:25,OPEN_PALM,0.95,OPEN_PALM,1.00
2026-04-23 19:25:25,OPEN_PALM,0.95,OPEN_PALM,1.00
2026-04-23 19:25:25,OPEN_PALM,0.95,OPEN_PALM,1.00
2026-04-23 19:25:25,OPEN_PALM,0.95,OPEN_PALM,1.00
2026-04-23 19:25:25,OPEN_PALM,0.95,OPEN_PALM,1.00
2026-04-23 19:25:25,OPEN_PALM,0.95,OPEN_PALM,1.00
2026-04-23 19:25:25,OPEN_PALM,0.95,OPEN_PALM,1.00
2026-04-23 19:25:25,OPEN_PALM,0.95,OPEN_PALM,1.00
2026-04-23 19:25:25,OPEN_PALM,0.95,OPEN_PALM,1.00
2026-04-23 19:25:26,OPEN_PALM,0.95,OPEN_PALM,1.00
2026-04-23 19:25:26,OPEN_PALM,0.95,OPEN_PALM,1.00
2026-04-23 19:25:26,OPEN_PALM,0.95,OPEN_PALM,1.00
2026-04-23 19:25:26,OPEN_PALM,0.95,OPEN_PALM,1.00
2026-04-23 19:25:26,UNKNOWN,0.40,OPEN_PALM,0.90
2026-04-23 19:25:26,UNKNOWN,0.40,OPEN_PALM,0.80
2026-04-23 19:25:26,UNKNOWN,0.40,OPEN_PALM,0.70
2026-04-23 19:25:26,UNKNOWN,0.40,OPEN_PALM,0.60
2026-04-23 19:25:26,UNKNOWN,0.40,UNSTABLE,0.50
2026-04-23 19:25:26,UNKNOWN,0.40,UNSTABLE,0.60
2026-04-23 19:25:26,UNKNOWN,0.40,UNSTABLE,0.70
2026-04-23 19:25:26,UNKNOWN,0.40,UNSTABLE,0.80
2026-04-23 19:25:26,UNKNOWN,0.40,UNSTABLE,0.90
2026-04-23 19:25:26,UNKNOWN,0.40,UNSTABLE,1.00
2026-04-23 19:25:26,UNKNOWN,0.40,UNSTABLE,1.00
2026-04-23 19:25:27,UNKNOWN,0.40,UNSTABLE,1.00
2026-04-23 19:25:27,UNKNOWN,0.40,UNSTABLE,1.00
2026-04-23 19:25:27,UNKNOWN,0.40,UNSTABLE,1.00
2026-04-23 19:25:27,UNKNOWN,0.40,UNSTABLE,1.00
2026-04-23 19:25:27,UNKNOWN,0.40,UNSTABLE,1.00
2026-04-23 19:25:27,UNKNOWN,0.40,UNSTABLE,1.00
2026-04-23 19:25:27,UNKNOWN,0.40,UNSTABLE,1.00
2026-04-23 19:25:27,UNKNOWN,0.40,UNSTABLE,1.00
2026-04-23 19:25:27,UNKNOWN,0.40,UNSTABLE,1.00
2026-04-23 19:25:27,UNKNOWN,0.40,UNSTABLE,1.00
2026-04-23 19:25:27,UNKNOWN,0.40,UNSTABLE,1.00
2026-04-23 19:25:27,UNKNOWN,0.40,UNSTABLE,1.00
2026-04-23 19:25:27,TWO_FINGERS,0.90,UNSTABLE,0.90
2026-04-23 19:25:27,TWO_FINGERS,0.90,UNSTABLE,0.80
2026-04-23 19:25:28,UNKNOWN,0.40,UNSTABLE,0.80
2026-04-23 19:25:28,UNKNOWN,0.40,UNSTABLE,0.80
2026-04-23 19:25:28,UNKNOWN,0.40,UNSTABLE,0.80
2026-04-23 19:25:28,OPEN_PALM,0.95,UNSTABLE,0.70
2026-04-23 19:25:28,TWO_FINGERS,0.90,UNSTABLE,0.60
2026-04-23 19:25:28,UNKNOWN,0.40,UNSTABLE,0.60
2026-04-23 19:25:28,TWO_FINGERS,0.90,UNSTABLE,0.50
2026-04-23 19:25:28,TWO_FINGERS,0.90,UNSTABLE,0.50
2026-04-23 19:25:28,UNKNOWN,0.40,UNSTABLE,0.50
2026-04-23 19:25:28,OPEN_PALM,0.95,UNSTABLE,0.50
2026-04-23 19:25:28,UNKNOWN,0.40,UNSTABLE,0.50
2026-04-23 19:25:28,UNKNOWN,0.40,UNSTABLE,0.50
2026-04-23 19:25:28,OPEN_PALM,0.95,UNSTABLE,0.40
2026-04-23 19:25:28,UNKNOWN,0.40,UNSTABLE,0.50
2026-04-23 19:25:29,UNKNOWN,0.40,UNSTABLE,0.60
2026-04-23 19:25:29,OPEN_PALM,0.95,UNSTABLE,0.50
2026-04-23 19:25:29,OPEN_PALM,0.95,UNSTABLE,0.50
2026-04-23 19:25:29,NONE,0.00,UNSTABLE,0.50
2026-04-23 19:25:29,NONE,0.00,UNSTABLE,0.40
2026-04-23 19:25:29,NONE,0.00,UNSTABLE,0.40
2026-04-23 19:25:29,NONE,0.00,UNSTABLE,0.40
2026-04-23 19:25:29,NONE,0.00,UNSTABLE,0.50
2026-04-23 19:25:29,NONE,0.00,NONE,0.60
2026-04-23 19:25:29,NONE,0.00,NONE,0.70
2026-04-23 19:25:29,OPEN_PALM,0.95,NONE,0.70
2026-04-23 19:25:29,OPEN_PALM,0.95,NONE,0.70
2026-04-23 19:25:29,OPEN_PALM,0.95,NONE,0.70
2026-04-23 19:25:29,OPEN_PALM,0.95,NONE,0.60
2026-04-23 19:25:30,OPEN_PALM,0.95,UNSTABLE,0.50
2026-04-23 19:25:30,OPEN_PALM,0.95,OPEN_PALM,0.60
2026-04-23 19:25:30,OPEN_PALM,0.95,OPEN_PALM,0.70
2026-04-23 19:25:30,OPEN_PALM,0.95,OPEN_PALM,0.80
2026-04-23 19:25:30,OPEN_PALM,0.95,OPEN_PALM,0.90
2026-04-23 19:25:30,OPEN_PALM,0.95,OPEN_PALM,1.00
2026-04-23 19:25:30,OPEN_PALM,0.95,OPEN_PALM,1.00
2026-04-23 19:25:30,OPEN_PALM,0.95,OPEN_PALM,1.00
2026-04-23 19:25:30,OPEN_PALM,0.95,OPEN_PALM,1.00
2026-04-23 19:25:30,OPEN_PALM,0.95,OPEN_PALM,1.00
2026-04-23 19:25:30,OPEN_PALM,0.95,OPEN_PALM,1.00
2026-04-23 19:25:30,OPEN_PALM,0.95,OPEN_PALM,1.00
2026-04-23 19:25:30,OPEN_PALM,0.95,OPEN_PALM,1.00
2026-04-23 19:25:30,OPEN_PALM,0.95,OPEN_PALM,1.00
2026-04-23 19:25:30,OPEN_PALM,0.95,OPEN_PALM,1.00
2026-04-23 19:25:31,OPEN_PALM,0.95,OPEN_PALM,1.00
2026-04-23 19:25:31,OPEN_PALM,0.95,OPEN_PALM,1.00
2026-04-23 19:25:31,OPEN_PALM,0.95,OPEN_PALM,1.00
2026-04-23 19:25:31,OPEN_PALM,0.95,OPEN_PALM,1.00
2026-04-23 19:25:31,OPEN_PALM,0.95,OPEN_PALM,1.00
2026-04-23 19:25:31,OPEN_PALM,0.95,OPEN_PALM,1.00
2026-04-23 19:25:31,OPEN_PALM,0.95,OPEN_PALM,1.00
2026-04-23 19:25:31,OPEN_PALM,0.95,OPEN_PALM,1.00
2026-04-23 19:25:31,OPEN_PALM,0.95,OPEN_PALM,1.00
2026-04-23 19:25:31,TWO_FINGERS,0.90,OPEN_PALM,0.90
2026-04-23 19:25:31,UNKNOWN,0.40,OPEN_PALM,0.80
2026-04-23 19:25:31,UNKNOWN,0.40,OPEN_PALM,0.70
2026-04-23 19:25:31,OPEN_PALM,0.95,OPEN_PALM,0.70
2026-04-23 19:25:31,OPEN_PALM,0.95,OPEN_PALM,0.70
2026-04-23 19:25:32,OPEN_PALM,0.95,OPEN_PALM,0.70
2026-04-23 19:25:32,OPEN_PALM,0.95,OPEN_PALM,0.70
2026-04-23 19:25:32,OPEN_PALM,0.95,OPEN_PALM,0.70
2026-04-23 19:25:32,OPEN_PALM,0.95,OPEN_PALM,0.70
2026-04-23 19:25:32,OPEN_PALM,0.95,OPEN_PALM,0.70
2026-04-23 19:25:32,OPEN_PALM,0.95,OPEN_PALM,0.80
2026-04-23 19:25:32,OPEN_PALM,0.95,OPEN_PALM,0.90
2026-04-23 19:25:32,OPEN_PALM,0.95,OPEN_PALM,1.00
2026-04-23 19:25:32,OPEN_PALM,0.95,OPEN_PALM,1.00
2026-04-23 19:25:32,OPEN_PALM,0.95,OPEN_PALM,1.00
2026-04-23 19:25:32,OPEN_PALM,0.95,OPEN_PALM,1.00
2026-04-23 19:25:32,OPEN_PALM,0.95,OPEN_PALM,1.00
2026-04-23 19:25:32,OPEN_PALM,0.95,OPEN_PALM,1.00
2026-04-23 19:25:32,OPEN_PALM,0.95,OPEN_PALM,1.00
2026-04-23 19:25:33,OPEN_PALM,0.95,OPEN_PALM,1.00
2026-04-23 19:25:33,OPEN_PALM,0.95,OPEN_PALM,1.00
2026-04-23 19:25:33,OPEN_PALM,0.95,OPEN_PALM,1.00
2026-04-23 19:25:33,OPEN_PALM,0.95,OPEN_PALM,1.00
2026-04-23 19:25:33,OPEN_PALM,0.95,OPEN_PALM,1.00
2026-04-23 19:25:33,OPEN_PALM,0.95,OPEN_PALM,1.00
2026-04-23 19:25:33,OPEN_PALM,0.95,OPEN_PALM,1.00
2026-04-23 19:25:33,OPEN_PALM,0.95,OPEN_PALM,1.00
2026-04-23 19:25:33,OPEN_PALM,0.95,OPEN_PALM,1.00
2026-04-23 19:25:33,OPEN_PALM,0.95,OPEN_PALM,1.00
2026-04-23 19:25:33,OPEN_PALM,0.95,OPEN_PALM,1.00
2026-04-23 19:25:33,OPEN_PALM,0.95,OPEN_PALM,1.00
2026-04-23 19:25:33,OPEN_PALM,0.95,OPEN_PALM,1.00
2026-04-23 19:25:33,OPEN_PALM,0.95,OPEN_PALM,1.00
2026-04-23 19:25:33,OPEN_PALM,0.95,OPEN_PALM,1.00
2026-04-23 19:25:34,OPEN_PALM,0.95,OPEN_PALM,1.00
2026-04-23 19:25:34,OPEN_PALM,0.95,OPEN_PALM,1.00
2026-04-23 19:25:34,OPEN_PALM,0.95,OPEN_PALM,1.00
2026-04-23 19:25:34,OPEN_PALM,0.95,OPEN_PALM,1.00
2026-04-23 19:25:34,OPEN_PALM,0.95,OPEN_PALM,1.00
2026-04-23 19:25:34,OPEN_PALM,0.95,OPEN_PALM,1.00
2026-04-23 19:25:34,OPEN_PALM,0.95,OPEN_PALM,1.00
2026-04-23 19:25:34,OPEN_PALM,0.95,OPEN_PALM,1.00
2026-04-23 19:25:34,OPEN_PALM,0.95,OPEN_PALM,1.00
2026-04-23 19:25:34,OPEN_PALM,0.95,OPEN_PALM,1.00
2026-04-23 19:25:34,OPEN_PALM,0.95,OPEN_PALM,1.00
2026-04-23 19:25:34,OPEN_PALM,0.95,OPEN_PALM,1.00
2026-04-23 19:25:34,OPEN_PALM,0.95,OPEN_PALM,1.00
2026-04-23 19:25:34,OPEN_PALM,0.95,OPEN_PALM,1.00
2026-04-23 19:25:35,OPEN_PALM,0.95,OPEN_PALM,1.00
2026-04-23 19:25:35,OPEN_PALM,0.95,OPEN_PALM,1.00
2026-04-23 19:25:35,OPEN_PALM,0.95,OPEN_PALM,1.00
2026-04-23 19:25:35,OPEN_PALM,0.95,OPEN_PALM,1.00
2026-04-23 19:25:35,OPEN_PALM,0.95,OPEN_PALM,1.00
2026-04-23 19:25:35,OPEN_PALM,0.95,OPEN_PALM,1.00
2026-04-23 19:25:35,OPEN_PALM,0.95,OPEN_PALM,1.00
2026-04-23 19:25:35,OPEN_PALM,0.95,OPEN_PALM,1.00
2026-04-23 19:25:35,OPEN_PALM,0.95,OPEN_PALM,1.00
2026-04-23 19:25:35,OPEN_PALM,0.95,OPEN_PALM,1.00
2026-04-23 19:25:35,OPEN_PALM,0.95,OPEN_PALM,1.00
2026-04-23 19:25:35,OPEN_PALM,0.95,OPEN_PALM,1.00
2026-04-23 19:25:35,OPEN_PALM,0.95,OPEN_PALM,1.00
2026-04-23 19:25:35,OPEN_PALM,0.95,OPEN_PALM,1.00
2026-04-23 19:25:36,OPEN_PALM,0.95,OPEN_PALM,1.00
2026-04-23 19:25:36,OPEN_PALM,0.95,OPEN_PALM,1.00
2026-04-23 19:25:36,OPEN_PALM,0.95,OPEN_PALM,1.00
2026-04-23 19:25:36,UNKNOWN,0.40,OPEN_PALM,0.90
2026-04-23 19:25:36,UNKNOWN,0.40,OPEN_PALM,0.80
2026-04-23 19:25:36,OPEN_PALM,0.95,OPEN_PALM,0.80
2026-04-23 19:25:36,OPEN_PALM,0.95,OPEN_PALM,0.80
2026-04-23 19:25:36,OPEN_PALM,0.95,OPEN_PALM,0.80
2026-04-23 19:25:36,OPEN_PALM,0.95,OPEN_PALM,0.80
2026-04-23 19:25:36,OPEN_PALM,0.95,OPEN_PALM,0.80
2026-04-23 19:25:36,OPEN_PALM,0.95,OPEN_PALM,0.80
2026-04-23 19:25:36,OPEN_PALM,0.95,OPEN_PALM,0.80
2026-04-23 19:25:36,OPEN_PALM,0.95,OPEN_PALM,0.80
2026-04-23 19:25:36,OPEN_PALM,0.95,OPEN_PALM,0.90
2026-04-23 19:25:37,OPEN_PALM,0.95,OPEN_PALM,1.00
2026-04-23 19:25:37,OPEN_PALM,0.95,OPEN_PALM,1.00
2026-04-23 19:25:37,OPEN_PALM,0.95,OPEN_PALM,1.00
2026-04-23 19:25:37,OPEN_PALM,0.95,OPEN_PALM,1.00
2026-04-23 19:25:37,OPEN_PALM,0.95,OPEN_PALM,1.00
2026-04-23 19:25:37,OPEN_PALM,0.95,OPEN_PALM,1.00
2026-04-23 19:25:37,OPEN_PALM,0.95,OPEN_PALM,1.00
2026-04-23 19:25:37,OPEN_PALM,0.95,OPEN_PALM,1.00
2026-04-23 19:25:37,OPEN_PALM,0.95,OPEN_PALM,1.00
2026-04-23 19:25:37,OPEN_PALM,0.95,OPEN_PALM,1.00
2026-04-23 19:25:37,OPEN_PALM,0.95,OPEN_PALM,1.00
2026-04-23 19:25:37,UNKNOWN,0.40,OPEN_PALM,0.90
2026-04-23 19:25:37,UNKNOWN,0.40,OPEN_PALM,0.80
2026-04-23 19:25:37,UNKNOWN,0.40,OPEN_PALM,0.70
2026-04-23 19:25:37,OPEN_PALM,0.95,OPEN_PALM,0.70
2026-04-23 19:25:38,OPEN_PALM,0.95,OPEN_PALM,0.70
2026-04-23 19:25:38,OPEN_PALM,0.95,OPEN_PALM,0.70
2026-04-23 19:25:38,OPEN_PALM,0.95,OPEN_PALM,0.70
2026-04-23 19:25:38,OPEN_PALM,0.95,OPEN_PALM,0.70
2026-04-23 19:25:38,OPEN_PALM,0.95,OPEN_PALM,0.70
2026-04-23 19:25:38,OPEN_PALM,0.95,OPEN_PALM,0.70
2026-04-23 19:25:38,OPEN_PALM,0.95,OPEN_PALM,0.80
2026-04-23 19:25:38,OPEN_PALM,0.95,OPEN_PALM,0.90
2026-04-23 19:25:38,OPEN_PALM,0.95,OPEN_PALM,1.00
2026-04-23 19:25:38,OPEN_PALM,0.95,OPEN_PALM,1.00
2026-04-23 19:25:38,OPEN_PALM,0.95,OPEN_PALM,1.00
2026-04-23 19:25:38,OPEN_PALM,0.95,OPEN_PALM,1.00
2026-04-23 19:25:38,OPEN_PALM,0.95,OPEN_PALM,1.00
2026-04-23 19:25:38,OPEN_PALM,0.95,OPEN_PALM,1.00
2026-04-23 19:25:39,OPEN_PALM,0.95,OPEN_PALM,1.00
2026-04-23 19:25:39,OPEN_PALM,0.95,OPEN_PALM,1.00
2026-04-23 19:25:39,OPEN_PALM,0.95,OPEN_PALM,1.00
2026-04-23 19:25:39,OPEN_PALM,0.95,OPEN_PALM,1.00
2026-04-23 19:25:39,OPEN_PALM,0.95,OPEN_PALM,1.00
2026-04-23 19:25:39,OPEN_PALM,0.95,OPEN_PALM,1.00
2026-04-23 19:25:39,OPEN_PALM,0.95,OPEN_PALM,1.00
2026-04-23 19:25:39,OPEN_PALM,0.95,OPEN_PALM,1.00
2026-04-23 19:25:39,OPEN_PALM,0.95,OPEN_PALM,1.00
2026-04-23 19:25:39,OPEN_PALM,0.95,OPEN_PALM,1.00
2026-04-23 19:25:39,OPEN_PALM,0.95,OPEN_PALM,1.00
2026-04-23 19:25:39,OPEN_PALM,0.95,OPEN_PALM,1.00
2026-04-23 19:25:39,OPEN_PALM,0.95,OPEN_PALM,1.00
2026-04-23 19:25:39,OPEN_PALM,0.95,OPEN_PALM,1.00
2026-04-23 19:25:40,OPEN_PALM,0.95,OPEN_PALM,1.00
2026-04-23 19:25:40,OPEN_PALM,0.95,OPEN_PALM,1.00
2026-04-23 19:25:40,OPEN_PALM,0.95,OPEN_PALM,1.00
2026-04-23 19:25:40,OPEN_PALM,0.95,OPEN_PALM,1.00
2026-04-23 19:25:40,OPEN_PALM,0.95,OPEN_PALM,1.00
2026-04-23 19:25:40,OPEN_PALM,0.95,OPEN_PALM,1.00
2026-04-23 19:25:40,OPEN_PALM,0.95,OPEN_PALM,1.00
2026-04-23 19:25:40,OPEN_PALM,0.95,OPEN_PALM,1.00
2026-04-23 19:25:40,OPEN_PALM,0.95,OPEN_PALM,1.00
2026-04-23 19:25:40,OPEN_PALM,0.95,OPEN_PALM,1.00
2026-04-23 19:25:40,OPEN_PALM,0.95,OPEN_PALM,1.00
2026-04-23 19:25:40,OPEN_PALM,0.95,OPEN_PALM,1.00
2026-04-23 19:25:40,OPEN_PALM,0.95,OPEN_PALM,1.00
2026-04-23 19:25:40,OPEN_PALM,0.95,OPEN_PALM,1.00
2026-04-23 19:25:41,OPEN_PALM,0.95,OPEN_PALM,1.00
2026-04-23 19:25:41,OPEN_PALM,0.95,OPEN_PALM,1.00
2026-04-23 19:25:41,OPEN_PALM,0.95,OPEN_PALM,1.00
2026-04-23 19:25:41,OPEN_PALM,0.95,OPEN_PALM,1.00
2026-04-23 19:25:41,OPEN_PALM,0.95,OPEN_PALM,1.00
2026-04-23 19:25:41,OPEN_PALM,0.95,OPEN_PALM,1.00
2026-04-23 19:25:41,OPEN_PALM,0.95,OPEN_PALM,1.00
2026-04-23 19:25:41,OPEN_PALM,0.95,OPEN_PALM,1.00
2026-04-23 19:25:41,OPEN_PALM,0.95,OPEN_PALM,1.00
2026-04-23 19:25:41,OPEN_PALM,0.95,OPEN_PALM,1.00
2026-04-23 19:25:41,OPEN_PALM,0.95,OPEN_PALM,1.00
2026-04-23 19:25:41,OPEN_PALM,0.95,OPEN_PALM,1.00
2026-04-23 19:25:41,UNKNOWN,0.40,OPEN_PALM,0.90
2026-04-23 19:25:41,UNKNOWN,0.40,OPEN_PALM,0.80
2026-04-23 19:25:42,TWO_FINGERS,0.90,OPEN_PALM,0.70
2026-04-23 19:25:42,OPEN_PALM,0.95,OPEN_PALM,0.70
2026-04-23 19:25:42,OPEN_PALM,0.95,OPEN_PALM,0.70
2026-04-23 19:25:42,OPEN_PALM,0.95,OPEN_PALM,0.70
2026-04-23 19:25:42,OPEN_PALM,0.95,OPEN_PALM,0.70
2026-04-23 19:25:42,OPEN_PALM,0.95,OPEN_PALM,0.70
2026-04-23 19:25:42,OPEN_PALM,0.95,OPEN_PALM,0.70
2026-04-23 19:25:42,OPEN_PALM,0.95,OPEN_PALM,0.70
2026-04-23 19:25:42,OPEN_PALM,0.95,OPEN_PALM,0.80
2026-04-23 19:25:42,OPEN_PALM,0.95,OPEN_PALM,0.90
2026-04-23 19:25:42,OPEN_PALM,0.95,OPEN_PALM,1.00
2026-04-23 19:25:42,OPEN_PALM,0.95,OPEN_PALM,1.00
2026-04-23 19:25:42,OPEN_PALM,0.95,OPEN_PALM,1.00
2026-04-23 19:25:42,OPEN_PALM,0.95,OPEN_PALM,1.00
2026-04-23 19:25:42,OPEN_PALM,0.95,OPEN_PALM,1.00
2026-04-23 19:25:43,OPEN_PALM,0.95,OPEN_PALM,1.00
2026-04-23 19:25:43,OPEN_PALM,0.95,OPEN_PALM,1.00
2026-04-23 19:25:43,OPEN_PALM,0.95,OPEN_PALM,1.00
2026-04-23 19:25:43,OPEN_PALM,0.95,OPEN_PALM,1.00
2026-04-23 19:25:43,OPEN_PALM,0.95,OPEN_PALM,1.00
2026-04-23 19:25:43,OPEN_PALM,0.95,OPEN_PALM,1.00
2026-04-23 19:25:43,OPEN_PALM,0.95,OPEN_PALM,1.00
2026-04-23 19:25:43,UNKNOWN,0.40,OPEN_PALM,0.90
2026-04-23 19:25:43,OPEN_PALM,0.95,OPEN_PALM,0.90
2026-04-23 19:25:43,OPEN_PALM,0.95,OPEN_PALM,0.90
2026-04-23 19:25:43,OPEN_PALM,0.95,OPEN_PALM,0.90
2026-04-23 19:25:43,OPEN_PALM,0.95,OPEN_PALM,0.90
2026-04-23 19:25:43,OPEN_PALM,0.95,OPEN_PALM,0.90
2026-04-23 19:25:43,OPEN_PALM,0.95,OPEN_PALM,0.90
2026-04-23 19:25:44,OPEN_PALM,0.95,OPEN_PALM,0.90
2026-04-23 19:25:44,OPEN_PALM,0.95,OPEN_PALM,0.90
2026-04-23 19:25:44,OPEN_PALM,0.95,OPEN_PALM,0.90
2026-04-23 19:25:44,OPEN_PALM,0.95,OPEN_PALM,1.00
2026-04-23 19:25:44,OPEN_PALM,0.95,OPEN_PALM,1.00
2026-04-23 19:25:44,OPEN_PALM,0.95,OPEN_PALM,1.00
2026-04-23 19:25:44,OPEN_PALM,0.95,OPEN_PALM,1.00
2026-04-23 19:25:44,UNKNOWN,0.40,OPEN_PALM,0.90
2026-04-23 19:25:44,OPEN_PALM,0.95,OPEN_PALM,0.90
2026-04-23 19:25:44,OPEN_PALM,0.95,OPEN_PALM,0.90
2026-04-23 19:25:44,OPEN_PALM,0.95,OPEN_PALM,0.90
2026-04-23 19:25:44,OPEN_PALM,0.95,OPEN_PALM,0.90
2026-04-23 19:25:44,OPEN_PALM,0.95,OPEN_PALM,0.90
2026-04-23 19:25:44,OPEN_PALM,0.95,OPEN_PALM,0.90
2026-04-23 19:25:45,OPEN_PALM,0.95,OPEN_PALM,0.90
2026-04-23 19:25:45,OPEN_PALM,0.95,OPEN_PALM,0.90
2026-04-23 19:25:45,OPEN_PALM,0.95,OPEN_PALM,0.90
2026-04-23 19:25:45,OPEN_PALM,0.95,OPEN_PALM,1.00
2026-04-23 19:25:45,OPEN_PALM,0.95,OPEN_PALM,1.00
2026-04-23 19:25:45,OPEN_PALM,0.95,OPEN_PALM,1.00
2026-04-23 19:25:45,OPEN_PALM,0.95,OPEN_PALM,1.00
2026-04-23 19:25:45,OPEN_PALM,0.95,OPEN_PALM,1.00
2026-04-23 19:25:45,OPEN_PALM,0.95,OPEN_PALM,1.00
2026-04-23 19:25:45,OPEN_PALM,0.95,OPEN_PALM,1.00
2026-04-23 19:25:45,OPEN_PALM,0.95,OPEN_PALM,1.00
2026-04-23 19:25:45,OPEN_PALM,0.95,OPEN_PALM,1.00
2026-04-23 19:25:45,OPEN_PALM,0.95,OPEN_PALM,1.00
2026-04-23 19:25:45,UNKNOWN,0.40,OPEN_PALM,0.90
2026-04-23 19:25:45,OPEN_PALM,0.95,OPEN_PALM,0.90
2026-04-23 19:25:46,OPEN_PALM,0.95,OPEN_PALM,0.90
2026-04-23 19:25:46,OPEN_PALM,0.95,OPEN_PALM,0.90
2026-04-23 19:25:46,OPEN_PALM,0.95,OPEN_PALM,0.90
2026-04-23 19:25:46,OPEN_PALM,0.95,OPEN_PALM,0.90
2026-04-23 19:25:46,OPEN_PALM,0.95,OPEN_PALM,0.90
2026-04-23 19:25:46,OPEN_PALM,0.95,OPEN_PALM,0.90
2026-04-23 19:25:46,OPEN_PALM,0.95,OPEN_PALM,0.90
2026-04-23 19:25:46,UNKNOWN,0.40,OPEN_PALM,0.80
2026-04-23 19:25:46,UNKNOWN,0.40,OPEN_PALM,0.80
2026-04-23 19:25:46,OPEN_PALM,0.95,OPEN_PALM,0.80
2026-04-23 19:25:46,OPEN_PALM,0.95,OPEN_PALM,0.80
2026-04-23 19:25:46,UNKNOWN,0.40,OPEN_PALM,0.70
2026-04-23 19:25:46,UNKNOWN,0.40,OPEN_PALM,0.60
2026-04-23 19:25:46,UNKNOWN,0.40,UNSTABLE,0.50
2026-04-23 19:25:47,UNKNOWN,0.40,UNSTABLE,0.60
2026-04-23 19:25:47,TWO_FINGERS,0.90,UNSTABLE,0.60
2026-04-23 19:25:47,UNKNOWN,0.40,UNSTABLE,0.70
2026-04-23 19:25:47,TWO_FINGERS,0.90,UNSTABLE,0.60
2026-04-23 19:25:47,OPEN_PALM,0.95,UNSTABLE,0.50
2026-04-23 19:25:47,UNKNOWN,0.40,UNSTABLE,0.60
2026-04-23 19:25:47,OPEN_PALM,0.95,UNSTABLE,0.60
2026-04-23 19:25:47,OPEN_PALM,0.95,UNSTABLE,0.50
2026-04-23 19:25:47,OPEN_PALM,0.95,UNSTABLE,0.40
2026-04-23 19:25:47,UNKNOWN,0.40,UNSTABLE,0.40
2026-04-23 19:25:47,UNKNOWN,0.40,UNSTABLE,0.40
2026-04-23 19:25:47,OPEN_PALM,0.95,UNSTABLE,0.50
2026-04-23 19:25:48,OPEN_PALM,0.95,OPEN_PALM,0.60
2026-04-23 19:25:48,UNKNOWN,0.40,OPEN_PALM,0.60
2026-04-23 19:25:48,TWO_FINGERS,0.90,UNSTABLE,0.50
2026-04-23 19:25:48,UNKNOWN,0.40,UNSTABLE,0.50
2026-04-23 19:25:48,UNKNOWN,0.40,UNSTABLE,0.50
2026-04-23 19:25:48,TWO_FINGERS,0.90,UNSTABLE,0.50
2026-04-23 19:25:48,OPEN_PALM,0.95,UNSTABLE,0.50
2026-04-23 19:25:48,UNKNOWN,0.40,UNSTABLE,0.50
2026-04-23 19:25:48,UNKNOWN,0.40,UNSTABLE,0.50
2026-04-23 19:25:48,OPEN_PALM,0.95,UNSTABLE,0.50
2026-04-23 19:25:48,TWO_FINGERS,0.90,UNSTABLE,0.50
2026-04-23 19:25:48,OPEN_PALM,0.95,UNSTABLE,0.40
2026-04-23 19:25:48,UNKNOWN,0.40,UNSTABLE,0.50
2026-04-23 19:25:48,OPEN_PALM,0.95,UNSTABLE,0.40
2026-04-23 19:25:48,UNKNOWN,0.40,UNSTABLE,0.40
2026-04-23 19:25:48,UNKNOWN,0.40,UNSTABLE,0.50
2026-04-23 19:25:48,OPEN_PALM,0.95,UNSTABLE,0.50
2026-04-23 19:25:49,UNKNOWN,0.40,UNSTABLE,0.50
2026-04-23 19:25:49,OPEN_PALM,0.95,UNSTABLE,0.50
2026-04-23 19:25:49,OPEN_PALM,0.95,UNSTABLE,0.50
2026-04-23 19:25:49,UNKNOWN,0.40,UNSTABLE,0.50
2026-04-23 19:25:49,OPEN_PALM,0.95,UNSTABLE,0.50
2026-04-23 19:25:49,OPEN_PALM,0.95,OPEN_PALM,0.60
2026-04-23 19:25:49,UNKNOWN,0.40,UNSTABLE,0.50
2026-04-23 19:25:49,TWO_FINGERS,0.90,UNSTABLE,0.50
2026-04-23 19:25:49,TWO_FINGERS,0.90,UNSTABLE,0.50
2026-04-23 19:25:49,UNKNOWN,0.40,UNSTABLE,0.40
2026-04-23 19:25:49,TWO_FINGERS,0.90,UNSTABLE,0.40
2026-04-23 19:25:49,UNKNOWN,0.40,UNSTABLE,0.40
2026-04-23 19:25:49,TWO_FINGERS,0.90,UNSTABLE,0.40
2026-04-23 19:25:49,TWO_FINGERS,0.90,UNSTABLE,0.50
2026-04-23 19:25:50,UNKNOWN,0.40,UNSTABLE,0.50
2026-04-23 19:25:50,TWO_FINGERS,0.90,TWO_FINGERS,0.60
2026-04-23 19:25:50,OPEN_PALM,0.95,TWO_FINGERS,0.60
2026-04-23 19:25:50,OPEN_PALM,0.95,UNSTABLE,0.50
2026-04-23 19:25:50,OPEN_PALM,0.95,UNSTABLE,0.40
2026-04-23 19:25:50,OPEN_PALM,0.95,UNSTABLE,0.40
2026-04-23 19:25:50,OPEN_PALM,0.95,UNSTABLE,0.50
2026-04-23 19:25:50,TWO_FINGERS,0.90,UNSTABLE,0.50
2026-04-23 19:25:50,OPEN_PALM,0.95,OPEN_PALM,0.60
2026-04-23 19:25:50,OPEN_PALM,0.95,OPEN_PALM,0.70
2026-04-23 19:25:50,OPEN_PALM,0.95,OPEN_PALM,0.80
2026-04-23 19:25:50,TWO_FINGERS,0.90,OPEN_PALM,0.80
2026-04-23 19:25:50,UNKNOWN,0.40,OPEN_PALM,0.70
2026-04-23 19:25:51,TWO_FINGERS,0.90,OPEN_PALM,0.60
2026-04-23 19:25:51,UNKNOWN,0.40,UNSTABLE,0.50
2026-04-23 19:25:51,OPEN_PALM,0.95,UNSTABLE,0.50
2026-04-23 19:25:51,UNKNOWN,0.40,UNSTABLE,0.40
2026-04-23 19:25:51,OPEN_PALM,0.95,UNSTABLE,0.50
2026-04-23 19:25:51,OPEN_PALM,0.95,UNSTABLE,0.50
2026-04-23 19:25:51,OPEN_PALM,0.95,UNSTABLE,0.50
2026-04-23 19:25:51,UNKNOWN,0.40,UNSTABLE,0.40
2026-04-23 19:25:51,OPEN_PALM,0.95,UNSTABLE,0.50
2026-04-23 19:25:51,OPEN_PALM,0.95,OPEN_PALM,0.60
2026-04-23 19:25:51,TWO_FINGERS,0.90,OPEN_PALM,0.60
2026-04-23 19:25:51,OPEN_PALM,0.95,OPEN_PALM,0.70
2026-04-23 19:25:51,UNKNOWN,0.40,OPEN_PALM,0.60
2026-04-23 19:25:51,UNKNOWN,0.40,OPEN_PALM,0.60
2026-04-23 19:25:52,TWO_FINGERS,0.90,UNSTABLE,0.50
2026-04-23 19:25:52,UNKNOWN,0.40,UNSTABLE,0.40
2026-04-23 19:25:52,TWO_FINGERS,0.90,UNSTABLE,0.40
2026-04-23 19:25:52,OPEN_PALM,0.95,UNSTABLE,0.40
2026-04-23 19:25:52,UNKNOWN,0.40,UNSTABLE,0.40
2026-04-23 19:25:52,OPEN_PALM,0.95,UNSTABLE,0.40
2026-04-23 19:25:52,TWO_FINGERS,0.90,UNSTABLE,0.40
2026-04-23 19:25:52,OPEN_PALM,0.95,UNSTABLE,0.40
2026-04-23 19:25:52,OPEN_PALM,0.95,UNSTABLE,0.40
2026-04-23 19:25:52,UNKNOWN,0.40,UNSTABLE,0.40
2026-04-23 19:25:52,OPEN_PALM,0.95,UNSTABLE,0.50
2026-04-23 19:25:52,UNKNOWN,0.40,UNSTABLE,0.50
2026-04-23 19:25:52,OPEN_PALM,0.95,OPEN_PALM,0.60
2026-04-23 19:25:52,OPEN_PALM,0.95,OPEN_PALM,0.60
2026-04-23 19:25:52,OPEN_PALM,0.95,OPEN_PALM,0.70
2026-04-23 19:25:53,UNKNOWN,0.40,OPEN_PALM,0.60
2026-04-23 19:25:53,OPEN_PALM,0.95,OPEN_PALM,0.70
2026-04-23 19:25:53,OPEN_PALM,0.95,OPEN_PALM,0.70
2026-04-23 19:25:53,OPEN_PALM,0.95,OPEN_PALM,0.70
2026-04-23 19:25:53,OPEN_PALM,0.95,OPEN_PALM,0.80
2026-04-23 19:25:53,UNKNOWN,0.40,OPEN_PALM,0.70
2026-04-23 19:25:53,TWO_FINGERS,0.90,OPEN_PALM,0.70
2026-04-23 19:25:53,UNKNOWN,0.40,OPEN_PALM,0.60
2026-04-23 19:25:53,OPEN_PALM,0.95,OPEN_PALM,0.60
2026-04-23 19:25:53,OPEN_PALM,0.95,OPEN_PALM,0.60
2026-04-23 19:25:53,TWO_FINGERS,0.90,OPEN_PALM,0.60
2026-04-23 19:25:53,UNKNOWN,0.40,UNSTABLE,0.50
2026-04-23 19:25:53,TWO_FINGERS,0.90,UNSTABLE,0.40
2026-04-23 19:25:53,UNKNOWN,0.40,UNSTABLE,0.40
2026-04-23 19:25:54,UNKNOWN,0.40,UNSTABLE,0.50
2026-04-23 19:25:54,UNKNOWN,0.40,UNSTABLE,0.50
2026-04-23 19:25:54,TWO_FINGERS,0.90,UNSTABLE,0.50
2026-04-23 19:25:54,TWO_FINGERS,0.90,UNSTABLE,0.40
2026-04-23 19:25:54,TWO_FINGERS,0.90,UNSTABLE,0.50
2026-04-23 19:25:54,TWO_FINGERS,0.90,TWO_FINGERS,0.60
2026-04-23 19:25:54,UNKNOWN,0.40,UNSTABLE,0.50
2026-04-23 19:25:54,TWO_FINGERS,0.90,TWO_FINGERS,0.60
2026-04-23 19:25:54,TWO_FINGERS,0.90,TWO_FINGERS,0.60
2026-04-23 19:25:54,TWO_FINGERS,0.90,TWO_FINGERS,0.70
2026-04-23 19:25:54,UNKNOWN,0.40,TWO_FINGERS,0.70
2026-04-23 19:25:55,TWO_FINGERS,0.90,TWO_FINGERS,0.80
2026-04-23 19:25:55,TWO_FINGERS,0.90,TWO_FINGERS,0.80
2026-04-23 19:25:55,UNKNOWN,0.40,TWO_FINGERS,0.70
2026-04-23 19:25:55,TWO_FINGERS,0.90,TWO_FINGERS,0.70
2026-04-23 19:25:55,UNKNOWN,0.40,TWO_FINGERS,0.60
2026-04-23 19:25:55,OPEN_PALM,0.95,TWO_FINGERS,0.60
2026-04-23 19:25:55,TWO_FINGERS,0.90,TWO_FINGERS,0.60
2026-04-23 19:25:55,UNKNOWN,0.40,UNSTABLE,0.50
2026-04-23 19:25:55,UNKNOWN,0.40,UNSTABLE,0.50
2026-04-23 19:25:55,TWO_FINGERS,0.90,UNSTABLE,0.50
2026-04-23 19:25:55,TWO_FINGERS,0.90,UNSTABLE,0.50
2026-04-23 19:25:55,TWO_FINGERS,0.90,UNSTABLE,0.50
2026-04-23 19:25:55,UNKNOWN,0.40,UNSTABLE,0.50
2026-04-23 19:25:55,UNKNOWN,0.40,UNSTABLE,0.50
2026-04-23 19:25:56,UNKNOWN,0.40,UNSTABLE,0.50
2026-04-23 19:25:56,UNKNOWN,0.40,UNSTABLE,0.60
2026-04-23 19:25:56,UNKNOWN,0.40,UNSTABLE,0.70
2026-04-23 19:25:56,UNKNOWN,0.40,UNSTABLE,0.70
2026-04-23 19:25:56,UNKNOWN,0.40,UNSTABLE,0.70
2026-04-23 19:25:56,TWO_FINGERS,0.90,UNSTABLE,0.70
2026-04-23 19:25:56,TWO_FINGERS,0.90,UNSTABLE,0.70
2026-04-23 19:25:56,UNKNOWN,0.40,UNSTABLE,0.80
2026-04-23 19:25:56,UNKNOWN,0.40,UNSTABLE,0.80
2026-04-23 19:25:56,OPEN_PALM,0.95,UNSTABLE,0.70
2026-04-23 19:25:56,UNKNOWN,0.40,UNSTABLE,0.70
2026-04-23 19:25:56,UNKNOWN,0.40,UNSTABLE,0.70
2026-04-23 19:25:56,TWO_FINGERS,0.90,UNSTABLE,0.60
2026-04-23 19:25:56,UNKNOWN,0.40,UNSTABLE,0.60
2026-04-23 19:25:56,TWO_FINGERS,0.90,UNSTABLE,0.50
2026-04-23 19:25:57,UNKNOWN,0.40,UNSTABLE,0.60
2026-04-23 19:25:57,OPEN_PALM,0.95,UNSTABLE,0.60
2026-04-23 19:25:57,UNKNOWN,0.40,UNSTABLE,0.60
2026-04-23 19:25:57,OPEN_PALM,0.95,UNSTABLE,0.50
2026-04-23 19:25:57,UNKNOWN,0.40,UNSTABLE,0.60
2026-04-23 19:25:57,UNKNOWN,0.40,UNSTABLE,0.60
2026-04-23 19:25:57,OPEN_PALM,0.95,UNSTABLE,0.50
2026-04-23 19:25:57,OPEN_PALM,0.95,UNSTABLE,0.50
2026-04-23 19:25:57,OPEN_PALM,0.95,UNSTABLE,0.50
2026-04-23 19:25:57,TWO_FINGERS,0.90,UNSTABLE,0.50
2026-04-23 19:25:57,UNKNOWN,0.40,UNSTABLE,0.50
2026-04-23 19:25:57,OPEN_PALM,0.95,UNSTABLE,0.50
2026-04-23 19:25:57,OPEN_PALM,0.95,OPEN_PALM,0.60
2026-04-23 19:25:57,OPEN_PALM,0.95,OPEN_PALM,0.60
2026-04-23 19:25:58,OPEN_PALM,0.95,OPEN_PALM,0.70
2026-04-23 19:25:58,OPEN_PALM,0.95,OPEN_PALM,0.80
2026-04-23 19:25:58,OPEN_PALM,0.95,OPEN_PALM,0.80
2026-04-23 19:25:58,OPEN_PALM,0.95,OPEN_PALM,0.80
2026-04-23 19:25:58,OPEN_PALM,0.95,OPEN_PALM,0.80
2026-04-23 19:25:58,OPEN_PALM,0.95,OPEN_PALM,0.90
2026-04-23 19:25:58,OPEN_PALM,0.95,OPEN_PALM,1.00
2026-04-23 19:25:58,OPEN_PALM,0.95,OPEN_PALM,1.00
2026-04-23 19:25:58,OPEN_PALM,0.95,OPEN_PALM,1.00
2026-04-23 19:25:58,OPEN_PALM,0.95,OPEN_PALM,1.00
2026-04-23 19:25:58,OPEN_PALM,0.95,OPEN_PALM,1.00
2026-04-23 19:25:58,OPEN_PALM,0.95,OPEN_PALM,1.00
2026-04-23 19:25:58,OPEN_PALM,0.95,OPEN_PALM,1.00
2026-04-23 19:25:58,OPEN_PALM,0.95,OPEN_PALM,1.00
2026-04-23 19:25:59,OPEN_PALM,0.95,OPEN_PALM,1.00
2026-04-23 19:25:59,OPEN_PALM,0.95,OPEN_PALM,1.00
2026-04-23 19:25:59,OPEN_PALM,0.95,OPEN_PALM,1.00
2026-04-23 19:25:59,OPEN_PALM,0.95,OPEN_PALM,1.00
2026-04-23 19:25:59,OPEN_PALM,0.95,OPEN_PALM,1.00
2026-04-23 19:25:59,OPEN_PALM,0.95,OPEN_PALM,1.00
2026-04-23 19:25:59,OPEN_PALM,0.95,OPEN_PALM,1.00
2026-04-23 19:25:59,OPEN_PALM,0.95,OPEN_PALM,1.00
2026-04-23 19:25:59,OPEN_PALM,0.95,OPEN_PALM,1.00
2026-04-23 19:25:59,OPEN_PALM,0.95,OPEN_PALM,1.00
2026-04-23 19:25:59,OPEN_PALM,0.95,OPEN_PALM,1.00
2026-04-23 19:25:59,OPEN_PALM,0.95,OPEN_PALM,1.00
2026-04-23 19:25:59,OPEN_PALM,0.95,OPEN_PALM,1.00
2026-04-23 19:25:59,OPEN_PALM,0.95,OPEN_PALM,1.00
2026-04-23 19:26:00,OPEN_PALM,0.95,OPEN_PALM,1.00
2026-04-23 19:26:00,OPEN_PALM,0.95,OPEN_PALM,1.00
2026-04-23 19:26:00,OPEN_PALM,0.95,OPEN_PALM,1.00
2026-04-23 19:26:00,OPEN_PALM,0.95,OPEN_PALM,1.00
2026-04-23 19:26:00,OPEN_PALM,0.95,OPEN_PALM,1.00
2026-04-23 19:26:00,OPEN_PALM,0.95,OPEN_PALM,1.00
2026-04-23 19:26:00,OPEN_PALM,0.95,OPEN_PALM,1.00
2026-04-23 19:26:00,UNKNOWN,0.40,OPEN_PALM,0.90
2026-04-23 19:26:00,OPEN_PALM,0.95,OPEN_PALM,0.90
2026-04-23 19:26:00,UNKNOWN,0.40,OPEN_PALM,0.80
2026-04-23 19:26:00,OPEN_PALM,0.95,OPEN_PALM,0.80
2026-04-23 19:26:00,OPEN_PALM,0.95,OPEN_PALM,0.80
2026-04-23 19:26:00,UNKNOWN,0.40,OPEN_PALM,0.70
2026-04-23 19:26:00,UNKNOWN,0.40,OPEN_PALM,0.60
2026-04-23 19:26:00,UNKNOWN,0.40,UNSTABLE,0.50
2026-04-23 19:26:01,UNKNOWN,0.40,UNSTABLE,0.60
2026-04-23 19:26:01,UNKNOWN,0.40,UNSTABLE,0.70
2026-04-23 19:26:01,OPEN_PALM,0.95,UNSTABLE,0.60
2026-04-23 19:26:01,UNKNOWN,0.40,UNSTABLE,0.70
2026-04-23 19:26:01,UNKNOWN,0.40,UNSTABLE,0.70
2026-04-23 19:26:01,UNKNOWN,0.40,UNSTABLE,0.80
2026-04-23 19:26:01,OPEN_PALM,0.95,UNSTABLE,0.80
2026-04-23 19:26:01,OPEN_PALM,0.95,UNSTABLE,0.70
2026-04-23 19:26:01,UNKNOWN,0.40,UNSTABLE,0.70
2026-04-23 19:26:01,OPEN_PALM,0.95,UNSTABLE,0.60
2026-04-23 19:26:01,UNKNOWN,0.40,UNSTABLE,0.60
2026-04-23 19:26:01,UNKNOWN,0.40,UNSTABLE,0.60
2026-04-23 19:26:01,UNKNOWN,0.40,UNSTABLE,0.70
2026-04-23 19:26:01,OPEN_PALM,0.95,UNSTABLE,0.60
2026-04-23 19:26:02,UNKNOWN,0.40,UNSTABLE,0.60
2026-04-23 19:26:02,OPEN_PALM,0.95,UNSTABLE,0.50
2026-04-23 19:26:02,OPEN_PALM,0.95,UNSTABLE,0.50
2026-04-23 19:26:02,OPEN_PALM,0.95,UNSTABLE,0.50
2026-04-23 19:26:02,OPEN_PALM,0.95,OPEN_PALM,0.60
2026-04-23 19:26:02,OPEN_PALM,0.95,OPEN_PALM,0.60
2026-04-23 19:26:02,UNKNOWN,0.40,OPEN_PALM,0.60
2026-04-23 19:26:02,UNKNOWN,0.40,OPEN_PALM,0.60
2026-04-23 19:26:02,UNKNOWN,0.40,OPEN_PALM,0.60
2026-04-23 19:26:02,UNKNOWN,0.40,UNSTABLE,0.50
2026-04-23 19:26:02,UNKNOWN,0.40,UNSTABLE,0.50
2026-04-23 19:26:02,UNKNOWN,0.40,UNSTABLE,0.60
2026-04-23 19:26:02,UNKNOWN,0.40,UNSTABLE,0.70
2026-04-23 19:26:02,UNKNOWN,0.40,UNSTABLE,0.80
2026-04-23 19:26:03,OPEN_PALM,0.95,UNSTABLE,0.80
2026-04-23 19:26:03,OPEN_PALM,0.95,UNSTABLE,0.80
2026-04-23 19:26:03,OPEN_PALM,0.95,UNSTABLE,0.70
2026-04-23 19:26:03,OPEN_PALM,0.95,UNSTABLE,0.60
2026-04-23 19:26:03,OPEN_PALM,0.95,UNSTABLE,0.50
2026-04-23 19:26:03,OPEN_PALM,0.95,OPEN_PALM,0.60
2026-04-23 19:26:03,OPEN_PALM,0.95,OPEN_PALM,0.70
2026-04-23 19:26:03,OPEN_PALM,0.95,OPEN_PALM,0.80
2026-04-23 19:26:03,OPEN_PALM,0.95,OPEN_PALM,0.90
2026-04-23 19:26:03,OPEN_PALM,0.95,OPEN_PALM,1.00
2026-04-23 19:26:03,OPEN_PALM,0.95,OPEN_PALM,1.00
2026-04-23 19:26:03,OPEN_PALM,0.95,OPEN_PALM,1.00
2026-04-23 19:26:03,OPEN_PALM,0.95,OPEN_PALM,1.00
2026-04-23 19:26:03,OPEN_PALM,0.95,OPEN_PALM,1.00
2026-04-23 19:26:03,OPEN_PALM,0.95,OPEN_PALM,1.00
2026-04-23 19:26:04,OPEN_PALM,0.95,OPEN_PALM,1.00
2026-04-23 19:26:04,OPEN_PALM,0.95,OPEN_PALM,1.00
2026-04-23 19:26:04,OPEN_PALM,0.95,OPEN_PALM,1.00
2026-04-23 19:26:04,OPEN_PALM,0.95,OPEN_PALM,1.00
2026-04-23 19:26:04,OPEN_PALM,0.95,OPEN_PALM,1.00
2026-04-23 19:26:04,OPEN_PALM,0.95,OPEN_PALM,1.00
2026-04-23 19:26:04,OPEN_PALM,0.95,OPEN_PALM,1.00
2026-04-23 19:26:04,OPEN_PALM,0.95,OPEN_PALM,1.00
2026-04-23 19:26:04,OPEN_PALM,0.95,OPEN_PALM,1.00
2026-04-23 19:26:04,OPEN_PALM,0.95,OPEN_PALM,1.00
2026-04-23 19:26:04,OPEN_PALM,0.95,OPEN_PALM,1.00
2026-04-23 19:26:04,OPEN_PALM,0.95,OPEN_PALM,1.00
2026-04-23 19:26:04,OPEN_PALM,0.95,OPEN_PALM,1.00
2026-04-23 19:26:04,OPEN_PALM,0.95,OPEN_PALM,1.00
2026-04-23 19:26:05,OPEN_PALM,0.95,OPEN_PALM,1.00
2026-04-23 19:26:05,OPEN_PALM,0.95,OPEN_PALM,1.00
2026-04-23 19:26:05,OPEN_PALM,0.95,OPEN_PALM,1.00
2026-04-23 19:26:05,OPEN_PALM,0.95,OPEN_PALM,1.00
2026-04-23 19:26:05,OPEN_PALM,0.95,OPEN_PALM,1.00
2026-04-23 19:26:05,OPEN_PALM,0.95,OPEN_PALM,1.00
2026-04-23 19:26:05,OPEN_PALM,0.95,OPEN_PALM,1.00
2026-04-23 19:26:05,OPEN_PALM,0.95,OPEN_PALM,1.00
2026-04-23 19:26:05,OPEN_PALM,0.95,OPEN_PALM,1.00
2026-04-23 19:26:05,OPEN_PALM,0.95,OPEN_PALM,1.00
2026-04-23 19:26:05,OPEN_PALM,0.95,OPEN_PALM,1.00
2026-04-23 19:26:05,OPEN_PALM,0.95,OPEN_PALM,1.00
2026-04-23 19:26:05,OPEN_PALM,0.95,OPEN_PALM,1.00
2026-04-23 19:26:05,OPEN_PALM,0.95,OPEN_PALM,1.00
2026-04-23 19:26:06,OPEN_PALM,0.95,OPEN_PALM,1.00
2026-04-23 19:26:06,OPEN_PALM,0.95,OPEN_PALM,1.00
2026-04-23 19:26:06,OPEN_PALM,0.95,OPEN_PALM,1.00
2026-04-23 19:26:06,OPEN_PALM,0.95,OPEN_PALM,1.00
2026-04-23 19:26:06,OPEN_PALM,0.95,OPEN_PALM,1.00
2026-04-23 19:26:06,OPEN_PALM,0.95,OPEN_PALM,1.00
2026-04-23 19:26:06,OPEN_PALM,0.95,OPEN_PALM,1.00
2026-04-23 19:26:06,OPEN_PALM,0.95,OPEN_PALM,1.00
2026-04-23 19:26:06,UNKNOWN,0.40,OPEN_PALM,0.90
2026-04-23 19:26:06,UNKNOWN,0.40,OPEN_PALM,0.80
2026-04-23 19:26:06,OPEN_PALM,0.95,OPEN_PALM,0.80
2026-04-23 19:26:06,UNKNOWN,0.40,OPEN_PALM,0.70
2026-04-23 19:26:06,UNKNOWN,0.40,OPEN_PALM,0.60
2026-04-23 19:26:06,UNKNOWN,0.40,UNSTABLE,0.50
2026-04-23 19:26:07,POINT,0.85,UNSTABLE,0.50
2026-04-23 19:26:07,UNKNOWN,0.40,UNSTABLE,0.60
2026-04-23 19:26:07,POINT,0.85,UNSTABLE,0.60
2026-04-23 19:26:07,UNKNOWN,0.40,UNSTABLE,0.70
2026-04-23 19:26:07,UNKNOWN,0.40,UNSTABLE,0.70
2026-04-23 19:26:07,UNKNOWN,0.40,UNSTABLE,0.70
2026-04-23 19:26:07,UNKNOWN,0.40,UNSTABLE,0.80
2026-04-23 19:26:07,UNKNOWN,0.40,UNSTABLE,0.80
2026-04-23 19:26:07,UNKNOWN,0.40,UNSTABLE,0.80
2026-04-23 19:26:07,UNKNOWN,0.40,UNSTABLE,0.80
2026-04-23 19:26:07,UNKNOWN,0.40,UNSTABLE,0.90
2026-04-23 19:26:07,UNKNOWN,0.40,UNSTABLE,0.90
2026-04-23 19:26:07,UNKNOWN,0.40,UNSTABLE,1.00
2026-04-23 19:26:07,POINT,0.85,UNSTABLE,0.90
2026-04-23 19:26:07,UNKNOWN,0.40,UNSTABLE,0.90
2026-04-23 19:26:08,UNKNOWN,0.40,UNSTABLE,0.90
2026-04-23 19:26:08,POINT,0.85,UNSTABLE,0.80
2026-04-23 19:26:08,UNKNOWN,0.40,UNSTABLE,0.80
2026-04-23 19:26:08,UNKNOWN,0.40,UNSTABLE,0.80
2026-04-23 19:26:08,UNKNOWN,0.40,UNSTABLE,0.80
2026-04-23 19:26:08,UNKNOWN,0.40,UNSTABLE,0.80
2026-04-23 19:26:08,UNKNOWN,0.40,UNSTABLE,0.80
2026-04-23 19:26:08,UNKNOWN,0.40,UNSTABLE,0.80
2026-04-23 19:26:08,UNKNOWN,0.40,UNSTABLE,0.90
2026-04-23 19:26:08,UNKNOWN,0.40,UNSTABLE,0.90
2026-04-23 19:26:08,UNKNOWN,0.40,UNSTABLE,0.90
2026-04-23 19:26:08,UNKNOWN,0.40,UNSTABLE,1.00
2026-04-23 19:26:08,UNKNOWN,0.40,UNSTABLE,1.00
2026-04-23 19:26:08,UNKNOWN,0.40,UNSTABLE,1.00
2026-04-23 19:26:09,UNKNOWN,0.40,UNSTABLE,1.00
2026-04-23 19:26:09,NONE,0.00,UNSTABLE,0.90
2026-04-23 19:26:09,NONE,0.00,UNSTABLE,0.80
2026-04-23 19:26:09,NONE,0.00,UNSTABLE,0.70
2026-04-23 19:26:09,NONE,0.00,UNSTABLE,0.60
2026-04-23 19:26:09,NONE,0.00,UNSTABLE,0.50
2026-04-23 19:26:09,NONE,0.00,NONE,0.60
2026-04-23 19:26:09,NONE,0.00,NONE,0.70
2026-04-23 19:26:09,NONE,0.00,NONE,0.80
2026-04-23 19:26:09,NONE,0.00,NONE,0.90
2026-04-23 19:26:09,OPEN_PALM,0.95,NONE,0.90
2026-04-23 19:26:09,POINT,0.85,NONE,0.80
2026-04-23 19:26:09,POINT,0.85,NONE,0.70
2026-04-23 19:26:09,POINT,0.85,NONE,0.60
2026-04-23 19:26:10,POINT,0.85,UNSTABLE,0.50
2026-04-23 19:26:10,POINT,0.85,UNSTABLE,0.50
2026-04-23 19:26:10,POINT,0.85,POINT,0.60
2026-04-23 19:26:10,POINT,0.85,POINT,0.70
2026-04-23 19:26:10,POINT,0.85,POINT,0.80
2026-04-23 19:26:10,POINT,0.85,POINT,0.90
2026-04-23 19:26:10,POINT,0.85,POINT,1.00
2026-04-23 19:26:10,POINT,0.85,POINT,1.00
2026-04-23 19:26:10,POINT,0.85,POINT,1.00
2026-04-23 19:26:10,POINT,0.85,POINT,1.00
2026-04-23 19:26:10,UNKNOWN,0.40,POINT,0.90
2026-04-23 19:26:11,POINT,0.85,POINT,0.90
2026-04-23 19:26:11,POINT,0.85,POINT,0.90
2026-04-23 19:26:11,POINT,0.85,POINT,0.90
2026-04-23 19:26:11,POINT,0.85,POINT,0.90
2026-04-23 19:26:11,POINT,0.85,POINT,0.90
2026-04-23 19:26:11,POINT,0.85,POINT,0.90
2026-04-23 19:26:11,POINT,0.85,POINT,0.90
2026-04-23 19:26:11,POINT,0.85,POINT,0.90
2026-04-23 19:26:11,POINT,0.85,POINT,0.90
2026-04-23 19:26:11,POINT,0.85,POINT,1.00
2026-04-23 19:26:11,POINT,0.85,POINT,1.00
2026-04-23 19:26:11,POINT,0.85,POINT,1.00
2026-04-23 19:26:12,POINT,0.85,POINT,1.00
2026-04-23 19:26:12,POINT,0.85,POINT,1.00
2026-04-23 19:26:12,POINT,0.85,POINT,1.00
2026-04-23 19:26:12,POINT,0.85,POINT,1.00
2026-04-23 19:26:12,POINT,0.85,POINT,1.00
2026-04-23 19:26:12,POINT,0.85,POINT,1.00
2026-04-23 19:26:12,POINT,0.85,POINT,1.00
2026-04-23 19:26:12,POINT,0.85,POINT,1.00
2026-04-23 19:26:12,POINT,0.85,POINT,1.00
2026-04-23 19:26:12,POINT,0.85,POINT,1.00
2026-04-23 19:26:12,POINT,0.85,POINT,1.00
2026-04-23 19:26:12,POINT,0.85,POINT,1.00
2026-04-23 19:26:13,POINT,0.85,POINT,1.00
2026-04-23 19:26:13,POINT,0.85,POINT,1.00
2026-04-23 19:26:13,POINT,0.85,POINT,1.00
2026-04-23 19:26:13,POINT,0.85,POINT,1.00
2026-04-23 19:26:13,POINT,0.85,POINT,1.00
2026-04-23 19:26:13,POINT,0.85,POINT,1.00
2026-04-23 19:26:13,POINT,0.85,POINT,1.00
2026-04-23 19:26:13,POINT,0.85,POINT,1.00
2026-04-23 19:26:13,POINT,0.85,POINT,1.00
2026-04-23 19:26:13,POINT,0.85,POINT,1.00
2026-04-23 19:26:13,POINT,0.85,POINT,1.00
2026-04-23 19:26:13,POINT,0.85,POINT,1.00
2026-04-23 19:26:13,POINT,0.85,POINT,1.00
2026-04-23 19:26:13,POINT,0.85,POINT,1.00
2026-04-23 19:26:13,POINT,0.85,POINT,1.00
2026-04-23 19:26:14,POINT,0.85,POINT,1.00
2026-04-23 19:26:14,POINT,0.85,POINT,1.00
2026-04-23 19:26:14,POINT,0.85,POINT,1.00
2026-04-23 19:26:14,POINT,0.85,POINT,1.00
2026-04-23 19:26:14,POINT,0.85,POINT,1.00
2026-04-23 19:26:14,POINT,0.85,POINT,1.00
2026-04-23 19:26:14,POINT,0.85,POINT,1.00
2026-04-23 19:26:14,POINT,0.85,POINT,1.00
2026-04-23 19:26:14,POINT,0.85,POINT,1.00
2026-04-23 19:26:14,POINT,0.85,POINT,1.00
2026-04-23 19:26:14,POINT,0.85,POINT,1.00
2026-04-23 19:26:14,POINT,0.85,POINT,1.00
2026-04-23 19:26:14,POINT,0.85,POINT,1.00
2026-04-23 19:26:14,POINT,0.85,POINT,1.00
2026-04-23 19:26:15,POINT,0.85,POINT,1.00
2026-04-23 19:26:15,POINT,0.85,POINT,1.00
2026-04-23 19:26:15,POINT,0.85,POINT,1.00
2026-04-23 19:26:15,POINT,0.85,POINT,1.00
2026-04-23 19:26:15,POINT,0.85,POINT,1.00
2026-04-23 19:26:15,POINT,0.85,POINT,1.00
2026-04-23 19:26:15,POINT,0.85,POINT,1.00
2026-04-23 19:26:15,POINT,0.85,POINT,1.00
2026-04-23 19:26:15,POINT,0.85,POINT,1.00
2026-04-23 19:26:15,POINT,0.85,POINT,1.00
2026-04-23 19:26:15,POINT,0.85,POINT,1.00
2026-04-23 19:26:15,POINT,0.85,POINT,1.00
2026-04-23 19:26:15,POINT,0.85,POINT,1.00
2026-04-23 19:26:16,POINT,0.85,POINT,1.00
2026-04-23 19:26:16,POINT,0.85,POINT,1.00
2026-04-23 19:26:16,POINT,0.85,POINT,1.00
2026-04-23 19:26:16,POINT,0.85,POINT,1.00
2026-04-23 19:26:16,POINT,0.85,POINT,1.00
2026-04-23 19:26:16,POINT,0.85,POINT,1.00
2026-04-23 19:26:16,POINT,0.85,POINT,1.00
2026-04-23 19:26:16,POINT,0.85,POINT,1.00
2026-04-23 19:26:16,POINT,0.85,POINT,1.00
2026-04-23 19:26:16,POINT,0.85,POINT,1.00
2026-04-23 19:26:16,POINT,0.85,POINT,1.00
2026-04-23 19:26:16,POINT,0.85,POINT,1.00
2026-04-23 19:26:17,POINT,0.85,POINT,1.00
2026-04-23 19:26:17,POINT,0.85,POINT,1.00
2026-04-23 19:26:17,POINT,0.85,POINT,1.00
2026-04-23 19:26:17,POINT,0.85,POINT,1.00
2026-04-23 19:26:17,POINT,0.85,POINT,1.00
2026-04-23 19:26:17,POINT,0.85,POINT,1.00
2026-04-23 19:26:17,POINT,0.85,POINT,1.00
2026-04-23 19:26:17,POINT,0.85,POINT,1.00
2026-04-23 19:26:17,POINT,0.85,POINT,1.00
2026-04-23 19:26:17,POINT,0.85,POINT,1.00
2026-04-23 19:26:17,POINT,0.85,POINT,1.00
2026-04-23 19:26:18,POINT,0.85,POINT,1.00
2026-04-23 19:26:18,POINT,0.85,POINT,1.00
2026-04-23 19:26:18,POINT,0.85,POINT,1.00
2026-04-23 19:26:18,POINT,0.85,POINT,1.00
2026-04-23 19:26:18,POINT,0.85,POINT,1.00
2026-04-23 19:26:18,POINT,0.85,POINT,1.00
2026-04-23 19:26:18,POINT,0.85,POINT,1.00
2026-04-23 19:26:18,POINT,0.85,POINT,1.00
2026-04-23 19:26:18,POINT,0.85,POINT,1.00
2026-04-23 19:26:18,POINT,0.85,POINT,1.00
2026-04-23 19:26:18,POINT,0.85,POINT,1.00
2026-04-23 19:26:18,POINT,0.85,POINT,1.00
2026-04-23 19:26:19,POINT,0.85,POINT,1.00
2026-04-23 19:26:19,POINT,0.85,POINT,1.00
2026-04-23 19:26:19,POINT,0.85,POINT,1.00
2026-04-23 19:26:19,POINT,0.85,POINT,1.00
2026-04-23 19:26:19,POINT,0.85,POINT,1.00
2026-04-23 19:26:19,POINT,0.85,POINT,1.00
2026-04-23 19:26:19,POINT,0.85,POINT,1.00
2026-04-23 19:26:19,POINT,0.85,POINT,1.00
2026-04-23 19:26:19,POINT,0.85,POINT,1.00
2026-04-23 19:26:19,POINT,0.85,POINT,1.00
2026-04-23 19:26:19,POINT,0.85,POINT,1.00
2026-04-23 19:26:19,POINT,0.85,POINT,1.00
2026-04-23 19:26:19,POINT,0.85,POINT,1.00
2026-04-23 19:26:19,POINT,0.85,POINT,1.00
2026-04-23 19:26:19,POINT,0.85,POINT,1.00
2026-04-23 19:26:20,POINT,0.85,POINT,1.00
2026-04-23 19:26:20,POINT,0.85,POINT,1.00
2026-04-23 19:26:20,POINT,0.85,POINT,1.00
2026-04-23 19:26:20,POINT,0.85,POINT,1.00
2026-04-23 19:26:20,POINT,0.85,POINT,1.00
2026-04-23 19:26:20,POINT,0.85,POINT,1.00
2026-04-23 19:26:20,POINT,0.85,POINT,1.00
2026-04-23 19:26:20,POINT,0.85,POINT,1.00
2026-04-23 19:26:20,POINT,0.85,POINT,1.00
2026-04-23 19:26:20,POINT,0.85,POINT,1.00
2026-04-23 19:26:20,POINT,0.85,POINT,1.00
2026-04-23 19:26:20,POINT,0.85,POINT,1.00
2026-04-23 19:26:20,POINT,0.85,POINT,1.00
2026-04-23 19:26:21,POINT,0.85,POINT,1.00
2026-04-23 19:26:21,POINT,0.85,POINT,1.00
2026-04-23 19:26:21,POINT,0.85,POINT,1.00
2026-04-23 19:26:21,POINT,0.85,POINT,1.00
2026-04-23 19:26:21,POINT,0.85,POINT,1.00
2026-04-23 19:26:21,POINT,0.85,POINT,1.00
2026-04-23 19:26:21,POINT,0.85,POINT,1.00
2026-04-23 19:26:21,POINT,0.85,POINT,1.00
2026-04-23 19:26:21,POINT,0.85,POINT,1.00
2026-04-23 19:26:21,POINT,0.85,POINT,1.00
2026-04-23 19:26:21,POINT,0.85,POINT,1.00
2026-04-23 19:26:21,POINT,0.85,POINT,1.00
2026-04-23 19:26:21,POINT,0.85,POINT,1.00
2026-04-23 19:26:21,POINT,0.85,POINT,1.00
2026-04-23 19:26:22,POINT,0.85,POINT,1.00
2026-04-23 19:26:22,POINT,0.85,POINT,1.00
2026-04-23 19:26:22,POINT,0.85,POINT,1.00
2026-04-23 19:26:22,POINT,0.85,POINT,1.00
2026-04-23 19:26:22,POINT,0.85,POINT,1.00
2026-04-23 19:26:22,POINT,0.85,POINT,1.00
2026-04-23 19:26:22,POINT,0.85,POINT,1.00
2026-04-23 19:26:22,POINT,0.85,POINT,1.00
2026-04-23 19:26:22,POINT,0.85,POINT,1.00
2026-04-23 19:26:22,POINT,0.85,POINT,1.00
2026-04-23 19:26:22,POINT,0.85,POINT,1.00
2026-04-23 19:26:22,POINT,0.85,POINT,1.00
2026-04-23 19:26:23,POINT,0.85,POINT,1.00
2026-04-23 19:26:23,POINT,0.85,POINT,1.00
2026-04-23 19:26:23,POINT,0.85,POINT,1.00
2026-04-23 19:26:23,POINT,0.85,POINT,1.00
2026-04-23 19:26:23,POINT,0.85,POINT,1.00
2026-04-23 19:26:23,POINT,0.85,POINT,1.00
2026-04-23 19:26:23,POINT,0.85,POINT,1.00
2026-04-23 19:26:23,POINT,0.85,POINT,1.00
2026-04-23 19:26:23,POINT,0.85,POINT,1.00
2026-04-23 19:26:23,POINT,0.85,POINT,1.00
2026-04-23 19:26:23,POINT,0.85,POINT,1.00
2026-04-23 19:26:24,POINT,0.85,POINT,1.00
2026-04-23 19:26:24,POINT,0.85,POINT,1.00
2026-04-23 19:26:24,POINT,0.85,POINT,1.00
2026-04-23 19:26:24,POINT,0.85,POINT,1.00
2026-04-23 19:26:24,POINT,0.85,POINT,1.00
2026-04-23 19:26:24,POINT,0.85,POINT,1.00
2026-04-23 19:26:24,POINT,0.85,POINT,1.00
2026-04-23 19:26:24,POINT,0.85,POINT,1.00
2026-04-23 19:26:24,POINT,0.85,POINT,1.00
2026-04-23 19:26:24,POINT,0.85,POINT,1.00
2026-04-23 19:26:24,POINT,0.85,POINT,1.00
2026-04-23 19:26:24,POINT,0.85,POINT,1.00
2026-04-23 19:26:24,POINT,0.85,POINT,1.00
2026-04-23 19:26:24,POINT,0.85,POINT,1.00
2026-04-23 19:26:25,POINT,0.85,POINT,1.00
2026-04-23 19:26:25,POINT,0.85,POINT,1.00
2026-04-23 19:26:25,POINT,0.85,POINT,1.00
2026-04-23 19:26:25,POINT,0.85,POINT,1.00
2026-04-23 19:26:25,POINT,0.85,POINT,1.00
2026-04-23 19:26:25,POINT,0.85,POINT,1.00
2026-04-23 19:26:25,POINT,0.85,POINT,1.00
2026-04-23 19:26:25,POINT,0.85,POINT,1.00
2026-04-23 19:26:25,POINT,0.85,POINT,1.00
2026-04-23 19:26:25,POINT,0.85,POINT,1.00
2026-04-23 19:26:25,POINT,0.85,POINT,1.00
2026-04-23 19:26:25,POINT,0.85,POINT,1.00
2026-04-23 19:26:25,POINT,0.85,POINT,1.00
2026-04-23 19:26:26,POINT,0.85,POINT,1.00
2026-04-23 19:26:26,POINT,0.85,POINT,1.00
2026-04-23 19:26:26,POINT,0.85,POINT,1.00
2026-04-23 19:26:26,POINT,0.85,POINT,1.00
2026-04-23 19:26:26,POINT,0.85,POINT,1.00
2026-04-23 19:26:26,POINT,0.85,POINT,1.00
2026-04-23 19:26:26,POINT,0.85,POINT,1.00
2026-04-23 19:26:26,POINT,0.85,POINT,1.00
2026-04-23 19:26:26,POINT,0.85,POINT,1.00
2026-04-23 19:26:26,POINT,0.85,POINT,1.00
2026-04-23 19:26:26,POINT,0.85,POINT,1.00
2026-04-23 19:26:26,POINT,0.85,POINT,1.00
2026-04-23 19:26:26,POINT,0.85,POINT,1.00
2026-04-23 19:26:26,POINT,0.85,POINT,1.00
2026-04-23 19:26:26,POINT,0.85,POINT,1.00
2026-04-23 19:26:27,POINT,0.85,POINT,1.00
2026-04-23 19:26:27,POINT,0.85,POINT,1.00
2026-04-23 19:26:27,POINT,0.85,POINT,1.00
2026-04-23 19:26:27,POINT,0.85,POINT,1.00
2026-04-23 19:26:27,POINT,0.85,POINT,1.00
2026-04-23 19:26:27,POINT,0.85,POINT,1.00
2026-04-23 19:26:27,POINT,0.85,POINT,1.00
2026-04-23 19:26:27,POINT,0.85,POINT,1.00
2026-04-23 19:26:27,POINT,0.85,POINT,1.00
2026-04-23 19:26:27,POINT,0.85,POINT,1.00
2026-04-23 19:26:27,POINT,0.85,POINT,1.00
2026-04-23 19:26:27,POINT,0.85,POINT,1.00
2026-04-23 19:26:27,POINT,0.85,POINT,1.00
2026-04-23 19:26:28,POINT,0.85,POINT,1.00
2026-04-23 19:26:28,POINT,0.85,POINT,1.00
2026-04-23 19:26:28,POINT,0.85,POINT,1.00
2026-04-23 19:26:28,POINT,0.85,POINT,1.00
2026-04-23 19:26:28,POINT,0.85,POINT,1.00
2026-04-23 19:26:28,POINT,0.85,POINT,1.00
2026-04-23 19:26:28,POINT,0.85,POINT,1.00
2026-04-23 19:26:28,POINT,0.85,POINT,1.00
2026-04-23 19:26:28,POINT,0.85,POINT,1.00
2026-04-23 19:26:28,POINT,0.85,POINT,1.00
2026-04-23 19:26:28,POINT,0.85,POINT,1.00
2026-04-23 19:26:29,POINT,0.85,POINT,1.00
2026-04-23 19:26:29,POINT,0.85,POINT,1.00
2026-04-23 19:26:29,POINT,0.85,POINT,1.00
2026-04-23 19:26:29,POINT,0.85,POINT,1.00
2026-04-23 19:26:29,POINT,0.85,POINT,1.00
2026-04-23 19:26:29,POINT,0.85,POINT,1.00
2026-04-23 19:26:29,POINT,0.85,POINT,1.00
2026-04-23 19:26:29,POINT,0.85,POINT,1.00
2026-04-23 19:26:29,POINT,0.85,POINT,1.00
2026-04-23 19:26:29,POINT,0.85,POINT,1.00
2026-04-23 19:26:29,POINT,0.85,POINT,1.00
2026-04-23 19:26:29,POINT,0.85,POINT,1.00
2026-04-23 19:26:29,POINT,0.85,POINT,1.00
2026-04-23 19:26:30,POINT,0.85,POINT,1.00
2026-04-23 19:26:30,POINT,0.85,POINT,1.00
2026-04-23 19:26:30,POINT,0.85,POINT,1.00
2026-04-23 19:26:30,POINT,0.85,POINT,1.00
2026-04-23 19:26:30,POINT,0.85,POINT,1.00
2026-04-23 19:26:30,POINT,0.85,POINT,1.00
2026-04-23 19:26:30,POINT,0.85,POINT,1.00
2026-04-23 19:26:30,POINT,0.85,POINT,1.00
2026-04-23 19:26:30,POINT,0.85,POINT,1.00
2026-04-23 19:26:30,POINT,0.85,POINT,1.00
2026-04-23 19:26:30,POINT,0.85,POINT,1.00
2026-04-23 19:26:30,POINT,0.85,POINT,1.00
2026-04-23 19:26:30,POINT,0.85,POINT,1.00
2026-04-23 19:26:31,POINT,0.85,POINT,1.00
2026-04-23 19:26:31,POINT,0.85,POINT,1.00
2026-04-23 19:26:31,POINT,0.85,POINT,1.00
2026-04-23 19:26:31,POINT,0.85,POINT,1.00
2026-04-23 19:26:31,POINT,0.85,POINT,1.00
2026-04-23 19:26:31,POINT,0.85,POINT,1.00
2026-04-23 19:26:31,POINT,0.85,POINT,1.00
2026-04-23 19:26:31,POINT,0.85,POINT,1.00
2026-04-23 19:26:31,POINT,0.85,POINT,1.00
2026-04-23 19:26:31,POINT,0.85,POINT,1.00
2026-04-23 19:26:31,POINT,0.85,POINT,1.00
2026-04-23 19:26:31,POINT,0.85,POINT,1.00
2026-04-23 19:26:31,POINT,0.85,POINT,1.00
2026-04-23 19:26:31,POINT,0.85,POINT,1.00
2026-04-23 19:26:31,POINT,0.85,POINT,1.00
2026-04-23 19:26:32,POINT,0.85,POINT,1.00
2026-04-23 19:26:32,POINT,0.85,POINT,1.00
2026-04-23 19:26:32,POINT,0.85,POINT,1.00
2026-04-23 19:26:32,POINT,0.85,POINT,1.00
2026-04-23 19:26:32,POINT,0.85,POINT,1.00
2026-04-23 19:26:32,POINT,0.85,POINT,1.00
2026-04-23 19:26:32,UNKNOWN,0.40,POINT,0.90
2026-04-23 19:26:32,UNKNOWN,0.40,POINT,0.80
2026-04-23 19:26:32,POINT,0.85,POINT,0.80
2026-04-23 19:26:32,POINT,0.85,POINT,0.80
2026-04-23 19:26:32,UNKNOWN,0.40,POINT,0.70
2026-04-23 19:26:32,UNKNOWN,0.40,POINT,0.60
2026-04-23 19:26:32,UNKNOWN,0.40,UNSTABLE,0.50
2026-04-23 19:26:32,UNKNOWN,0.40,UNSTABLE,0.60
2026-04-23 19:26:32,UNKNOWN,0.40,UNSTABLE,0.70
2026-04-23 19:26:33,POINT,0.85,UNSTABLE,0.70
2026-04-23 19:26:33,UNKNOWN,0.40,UNSTABLE,0.70
2026-04-23 19:26:33,UNKNOWN,0.40,UNSTABLE,0.70
2026-04-23 19:26:33,UNKNOWN,0.40,UNSTABLE,0.80
2026-04-23 19:26:33,UNKNOWN,0.40,UNSTABLE,0.90
2026-04-23 19:26:33,UNKNOWN,0.40,UNSTABLE,0.90
2026-04-23 19:26:33,UNKNOWN,0.40,UNSTABLE,0.90
2026-04-23 19:26:33,UNKNOWN,0.40,UNSTABLE,0.90
2026-04-23 19:26:33,UNKNOWN,0.40,UNSTABLE,0.90
2026-04-23 19:26:33,UNKNOWN,0.40,UNSTABLE,0.90
2026-04-23 19:26:33,UNKNOWN,0.40,UNSTABLE,1.00
2026-04-23 19:26:33,UNKNOWN,0.40,UNSTABLE,1.00
2026-04-23 19:26:33,POINT,0.85,UNSTABLE,0.90
2026-04-23 19:26:33,POINT,0.85,UNSTABLE,0.80
2026-04-23 19:26:33,POINT,0.85,UNSTABLE,0.70
2026-04-23 19:26:34,POINT,0.85,UNSTABLE,0.60
2026-04-23 19:26:34,UNKNOWN,0.40,UNSTABLE,0.60
2026-04-23 19:26:34,POINT,0.85,UNSTABLE,0.50
2026-04-23 19:26:34,POINT,0.85,POINT,0.60
2026-04-23 19:26:34,UNKNOWN,0.40,POINT,0.60
2026-04-23 19:26:34,UNKNOWN,0.40,POINT,0.60
2026-04-23 19:26:34,UNKNOWN,0.40,POINT,0.60
2026-04-23 19:26:34,UNKNOWN,0.40,UNSTABLE,0.50
2026-04-23 19:26:34,POINT,0.85,UNSTABLE,0.50
2026-04-23 19:26:34,UNKNOWN,0.40,UNSTABLE,0.60
2026-04-23 19:26:34,POINT,0.85,UNSTABLE,0.60
2026-04-23 19:26:34,POINT,0.85,UNSTABLE,0.50
2026-04-23 19:26:34,POINT,0.85,UNSTABLE,0.50
2026-04-23 19:26:35,POINT,0.85,UNSTABLE,0.50
2026-04-23 19:26:35,POINT,0.85,POINT,0.60
2026-04-23 19:26:35,POINT,0.85,POINT,0.70
2026-04-23 19:26:35,POINT,0.85,POINT,0.80
2026-04-23 19:26:35,POINT,0.85,POINT,0.90
2026-04-23 19:26:35,POINT,0.85,POINT,0.90
2026-04-23 19:26:35,POINT,0.85,POINT,1.00
2026-04-23 19:26:35,POINT,0.85,POINT,1.00
2026-04-23 19:26:35,POINT,0.85,POINT,1.00
2026-04-23 19:26:35,POINT,0.85,POINT,1.00
2026-04-23 19:26:35,POINT,0.85,POINT,1.00
2026-04-23 19:26:35,POINT,0.85,POINT,1.00
2026-04-23 19:26:35,POINT,0.85,POINT,1.00
2026-04-23 19:26:36,POINT,0.85,POINT,1.00
2026-04-23 19:26:36,POINT,0.85,POINT,1.00
2026-04-23 19:26:36,POINT,0.85,POINT,1.00
2026-04-23 19:26:36,POINT,0.85,POINT,1.00
2026-04-23 19:26:36,POINT,0.85,POINT,1.00
2026-04-23 19:26:36,POINT,0.85,POINT,1.00
2026-04-23 19:26:36,TWO_FINGERS,0.90,POINT,0.90
2026-04-23 19:26:36,OPEN_PALM,0.95,POINT,0.80
                                                                                                                                                                                                                                                                                                                                                                                                                                                                                                                                                                                                                                                                                                                                                                                                                                                                                                                                                                                                                                                                                                                                                                                                                                                                                                                                                                                                                                                                                                                                                                                                                                                                                                                                                                                                                                                                                                                                                                                                                                                                                                                                                                                                                                                                                                                                                                                                                                                                                                                                                                                                                                                                                                                                                                                                                                                                                                                                                                                                                                                                                                                                                                                                                                                                                                                                                                                                                                                                                                                                                                                                                                                                                                                                                                                            2026-04-23 19:44:16,NONE,0.00,NONE,1.00
2026-04-23 19:44:17,NONE,0.00,NONE,1.00
2026-04-23 19:44:17,NONE,0.00,NONE,1.00
2026-04-23 19:44:17,NONE,0.00,NONE,1.00
2026-04-23 19:44:17,NONE,0.00,NONE,1.00
2026-04-23 19:44:17,NONE,0.00,NONE,1.00
2026-04-23 19:44:17,NONE,0.00,NONE,1.00
2026-04-23 19:44:17,NONE,0.00,NONE,1.00
2026-04-23 19:44:17,NONE,0.00,NONE,1.00
2026-04-23 19:44:17,NONE,0.00,NONE,1.00
2026-04-23 19:44:17,NONE,0.00,NONE,1.00
2026-04-23 19:44:17,NONE,0.00,NONE,1.00
2026-04-23 19:44:18,NONE,0.00,NONE,1.00
2026-04-23 19:44:18,NONE,0.00,NONE,1.00
2026-04-23 19:44:18,NONE,0.00,NONE,1.00
2026-04-23 19:44:18,NONE,0.00,NONE,1.00
2026-04-23 19:44:18,NONE,0.00,NONE,1.00
2026-04-23 19:44:18,NONE,0.00,NONE,1.00
2026-04-23 19:44:18,NONE,0.00,NONE,1.00
2026-04-23 19:44:18,NONE,0.00,NONE,1.00
2026-04-23 19:44:18,NONE,0.00,NONE,1.00
2026-04-23 19:44:18,NONE,0.00,NONE,1.00
2026-04-23 19:44:18,NONE,0.00,NONE,1.00
2026-04-23 19:44:18,NONE,0.00,NONE,1.00
2026-04-23 19:44:18,NONE,0.00,NONE,1.00
2026-04-23 19:44:18,NONE,0.00,NONE,1.00
2026-04-23 19:44:19,NONE,0.00,NONE,1.00
2026-04-23 19:44:19,NONE,0.00,NONE,1.00
2026-04-23 19:44:19,NONE,0.00,NONE,1.00
2026-04-23 19:44:19,NONE,0.00,NONE,1.00
2026-04-23 19:44:19,NONE,0.00,NONE,1.00
2026-04-23 19:44:19,NONE,0.00,NONE,1.00
2026-04-23 19:44:19,NONE,0.00,NONE,1.00
2026-04-23 19:44:19,NONE,0.00,NONE,1.00
2026-04-23 19:44:19,NONE,0.00,NONE,1.00
2026-04-23 19:44:19,NONE,0.00,NONE,1.00
2026-04-23 19:44:19,NONE,0.00,NONE,1.00
2026-04-23 19:44:19,NONE,0.00,NONE,1.00
2026-04-23 19:44:19,NONE,0.00,NONE,1.00
2026-04-23 19:44:19,NONE,0.00,NONE,1.00
2026-04-23 19:44:19,NONE,0.00,NONE,1.00
2026-04-23 19:44:20,NONE,0.00,NONE,1.00
2026-04-23 19:44:20,NONE,0.00,NONE,1.00
2026-04-23 19:44:20,NONE,0.00,NONE,1.00
2026-04-23 19:44:20,NONE,0.00,NONE,1.00
2026-04-23 19:44:20,NONE,0.00,NONE,1.00
2026-04-23 19:44:20,NONE,0.00,NONE,1.00
2026-04-23 19:44:20,NONE,0.00,NONE,1.00
2026-04-23 19:44:20,NONE,0.00,NONE,1.00
2026-04-23 19:44:20,NONE,0.00,NONE,1.00
2026-04-23 19:44:20,NONE,0.00,NONE,1.00
2026-04-23 19:44:20,NONE,0.00,NONE,1.00
2026-04-23 19:44:20,NONE,0.00,NONE,1.00
2026-04-23 19:44:20,NONE,0.00,NONE,1.00
2026-04-23 19:44:20,NONE,0.00,NONE,1.00
2026-04-23 19:44:21,NONE,0.00,NONE,1.00
2026-04-23 19:44:21,NONE,0.00,NONE,1.00
2026-04-23 19:44:21,NONE,0.00,NONE,1.00
2026-04-23 19:44:21,NONE,0.00,NONE,1.00
2026-04-23 19:44:21,NONE,0.00,NONE,1.00
2026-04-23 19:44:21,NONE,0.00,NONE,1.00
2026-04-23 19:44:21,NONE,0.00,NONE,1.00
2026-04-23 19:44:21,NONE,0.00,NONE,1.00
2026-04-23 19:44:21,NONE,0.00,NONE,1.00
2026-04-23 19:44:21,NONE,0.00,NONE,1.00
2026-04-23 19:44:21,NONE,0.00,NONE,1.00
2026-04-23 19:44:21,NONE,0.00,NONE,1.00
2026-04-23 19:44:21,NONE,0.00,NONE,1.00
2026-04-23 19:44:21,NONE,0.00,NONE,1.00
2026-04-23 19:44:22,NONE,0.00,NONE,1.00
2026-04-23 19:44:22,NONE,0.00,NONE,1.00
2026-04-23 19:44:22,NONE,0.00,NONE,1.00
2026-04-23 19:44:22,NONE,0.00,NONE,1.00
2026-04-23 19:44:22,NONE,0.00,NONE,1.00
2026-04-23 19:44:22,NONE,0.00,NONE,1.00
2026-04-23 19:44:22,NONE,0.00,NONE,1.00
2026-04-23 19:44:22,NONE,0.00,NONE,1.00
2026-04-23 19:44:22,NONE,0.00,NONE,1.00
2026-04-23 19:44:22,NONE,0.00,NONE,1.00
2026-04-23 19:44:22,NONE,0.00,NONE,1.00
2026-04-23 19:44:22,NONE,0.00,NONE,1.00
2026-04-23 19:44:22,NONE,0.00,NONE,1.00
2026-04-23 19:44:23,NONE,0.00,NONE,1.00
2026-04-23 19:44:23,NONE,0.00,NONE,1.00
2026-04-23 19:44:23,NONE,0.00,NONE,1.00
2026-04-23 19:44:23,NONE,0.00,NONE,1.00
2026-04-23 19:44:23,NONE,0.00,NONE,1.00
2026-04-23 19:44:23,NONE,0.00,NONE,1.00
2026-04-23 19:44:23,NONE,0.00,NONE,1.00
2026-04-23 19:44:23,NONE,0.00,NONE,1.00
2026-04-23 19:44:23,NONE,0.00,NONE,1.00
2026-04-23 19:44:23,NONE,0.00,NONE,1.00
2026-04-23 19:44:23,NONE,0.00,NONE,1.00
2026-04-23 19:44:23,NONE,0.00,NONE,1.00
2026-04-23 19:44:23,NONE,0.00,NONE,1.00
2026-04-23 19:44:23,NONE,0.00,NONE,1.00
2026-04-23 19:44:23,NONE,0.00,NONE,1.00
2026-04-23 19:44:24,NONE,0.00,NONE,1.00
2026-04-23 19:44:24,NONE,0.00,NONE,1.00
2026-04-23 19:44:24,NONE,0.00,NONE,1.00
2026-04-23 19:44:24,NONE,0.00,NONE,1.00
2026-04-23 19:44:24,NONE,0.00,NONE,1.00
2026-04-23 19:44:24,NONE,0.00,NONE,1.00
2026-04-23 19:44:24,NONE,0.00,NONE,1.00
2026-04-23 19:44:24,NONE,0.00,NONE,1.00
2026-04-23 19:44:24,NONE,0.00,NONE,1.00
2026-04-23 19:44:24,NONE,0.00,NONE,1.00
2026-04-23 19:44:24,NONE,0.00,NONE,1.00
2026-04-23 19:44:24,NONE,0.00,NONE,1.00
2026-04-23 19:44:24,NONE,0.00,NONE,1.00
2026-04-23 19:44:24,NONE,0.00,NONE,1.00
2026-04-23 19:44:25,NONE,0.00,NONE,1.00
2026-04-23 19:44:25,NONE,0.00,NONE,1.00
2026-04-23 19:44:25,NONE,0.00,NONE,1.00
2026-04-23 19:44:25,NONE,0.00,NONE,1.00
2026-04-23 19:44:25,NONE,0.00,NONE,1.00
2026-04-23 19:44:25,NONE,0.00,NONE,1.00
2026-04-23 19:44:25,NONE,0.00,NONE,1.00
2026-04-23 19:44:25,NONE,0.00,NONE,1.00
2026-04-23 19:44:25,NONE,0.00,NONE,1.00
2026-04-23 19:44:25,NONE,0.00,NONE,1.00
2026-04-23 19:44:25,NONE,0.00,NONE,1.00
2026-04-23 19:44:25,NONE,0.00,NONE,1.00
2026-04-23 19:44:25,NONE,0.00,NONE,1.00
2026-04-23 19:44:25,NONE,0.00,NONE,1.00
2026-04-23 19:44:26,NONE,0.00,NONE,1.00
2026-04-23 19:44:26,NONE,0.00,NONE,1.00
2026-04-23 19:44:26,NONE,0.00,NONE,1.00
2026-04-23 19:44:26,NONE,0.00,NONE,1.00
2026-04-23 19:44:26,NONE,0.00,NONE,1.00
2026-04-23 19:44:26,NONE,0.00,NONE,1.00
2026-04-23 19:44:26,NONE,0.00,NONE,1.00
2026-04-23 19:44:26,NONE,0.00,NONE,1.00
2026-04-23 19:44:26,NONE,0.00,NONE,1.00
2026-04-23 19:44:26,NONE,0.00,NONE,1.00
2026-04-23 19:44:26,NONE,0.00,NONE,1.00
2026-04-23 19:44:26,NONE,0.00,NONE,1.00
2026-04-23 19:44:26,NONE,0.00,NONE,1.00
2026-04-23 19:44:26,NONE,0.00,NONE,1.00
2026-04-23 19:44:27,NONE,0.00,NONE,1.00
2026-04-23 19:44:27,NONE,0.00,NONE,1.00
2026-04-23 19:44:27,NONE,0.00,NONE,1.00
2026-04-23 19:44:27,NONE,0.00,NONE,1.00
2026-04-23 19:44:27,NONE,0.00,NONE,1.00
2026-04-23 19:44:27,NONE,0.00,NONE,1.00
2026-04-23 19:44:27,NONE,0.00,NONE,1.00
2026-04-23 19:44:27,NONE,0.00,NONE,1.00
2026-04-23 19:44:27,NONE,0.00,NONE,1.00
2026-04-23 19:44:27,NONE,0.00,NONE,1.00
2026-04-23 19:44:27,NONE,0.00,NONE,1.00
2026-04-23 19:44:27,NONE,0.00,NONE,1.00
2026-04-23 19:44:27,NONE,0.00,NONE,1.00
2026-04-23 19:44:27,NONE,0.00,NONE,1.00
2026-04-23 19:44:27,NONE,0.00,NONE,1.00
2026-04-23 19:44:28,NONE,0.00,NONE,1.00
2026-04-23 19:44:28,NONE,0.00,NONE,1.00
2026-04-23 19:44:28,NONE,0.00,NONE,1.00
2026-04-23 19:44:28,NONE,0.00,NONE,1.00
2026-04-23 19:44:28,NONE,0.00,NONE,1.00
2026-04-23 19:44:28,NONE,0.00,NONE,1.00
2026-04-23 19:44:28,NONE,0.00,NONE,1.00
2026-04-23 19:44:28,NONE,0.00,NONE,1.00
2026-04-23 19:44:28,NONE,0.00,NONE,1.00
2026-04-23 19:44:28,NONE,0.00,NONE,1.00
2026-04-23 19:44:28,NONE,0.00,NONE,1.00
2026-04-23 19:44:28,NONE,0.00,NONE,1.00
2026-04-23 19:44:28,NONE,0.00,NONE,1.00
2026-04-23 19:44:28,NONE,0.00,NONE,1.00
2026-04-23 19:44:29,NONE,0.00,NONE,1.00
2026-04-23 19:44:29,NONE,0.00,NONE,1.00
2026-04-23 19:44:29,NONE,0.00,NONE,1.00
2026-04-23 19:44:29,NONE,0.00,NONE,1.00
2026-04-23 19:44:29,NONE,0.00,NONE,1.00
2026-04-23 19:44:29,NONE,0.00,NONE,1.00
2026-04-23 19:44:29,NONE,0.00,NONE,1.00
2026-04-23 19:44:29,NONE,0.00,NONE,1.00
2026-04-23 19:44:29,NONE,0.00,NONE,1.00
2026-04-23 19:44:29,NONE,0.00,NONE,1.00
2026-04-23 19:44:29,NONE,0.00,NONE,1.00
2026-04-23 19:44:29,NONE,0.00,NONE,1.00
2026-04-23 19:44:29,NONE,0.00,NONE,1.00
2026-04-23 19:44:29,NONE,0.00,NONE,1.00
2026-04-23 19:44:30,NONE,0.00,NONE,1.00
2026-04-23 19:44:30,NONE,0.00,NONE,1.00
2026-04-23 19:44:30,NONE,0.00,NONE,1.00
2026-04-23 19:44:30,NONE,0.00,NONE,1.00
2026-04-23 19:44:30,NONE,0.00,NONE,1.00
2026-04-23 19:44:30,NONE,0.00,NONE,1.00
2026-04-23 19:44:30,NONE,0.00,NONE,1.00
2026-04-23 19:44:30,NONE,0.00,NONE,1.00
2026-04-23 19:44:30,NONE,0.00,NONE,1.00
2026-04-23 19:44:30,NONE,0.00,NONE,1.00
2026-04-23 19:44:30,NONE,0.00,NONE,1.00
2026-04-23 19:44:30,NONE,0.00,NONE,1.00
2026-04-23 19:44:30,NONE,0.00,NONE,1.00
2026-04-23 19:44:30,NONE,0.00,NONE,1.00
2026-04-23 19:44:30,NONE,0.00,NONE,1.00
2026-04-23 19:44:31,NONE,0.00,NONE,1.00
2026-04-23 19:44:31,NONE,0.00,NONE,1.00
2026-04-23 19:44:31,NONE,0.00,NONE,1.00
2026-04-23 19:44:31,NONE,0.00,NONE,1.00
2026-04-23 19:44:31,NONE,0.00,NONE,1.00
2026-04-23 19:44:31,NONE,0.00,NONE,1.00
2026-04-23 19:44:31,NONE,0.00,NONE,1.00
2026-04-23 19:44:31,NONE,0.00,NONE,1.00
2026-04-23 19:44:31,NONE,0.00,NONE,1.00
2026-04-23 19:44:31,NONE,0.00,NONE,1.00
2026-04-23 19:44:31,NONE,0.00,NONE,1.00
2026-04-23 19:44:31,NONE,0.00,NONE,1.00
2026-04-23 19:44:31,NONE,0.00,NONE,1.00
2026-04-23 19:44:31,NONE,0.00,NONE,1.00
2026-04-23 19:44:32,NONE,0.00,NONE,1.00
2026-04-23 19:44:32,NONE,0.00,NONE,1.00
2026-04-23 19:44:32,NONE,0.00,NONE,1.00
2026-04-23 19:44:32,NONE,0.00,NONE,1.00
2026-04-23 19:44:32,NONE,0.00,NONE,1.00
2026-04-23 19:44:32,NONE,0.00,NONE,1.00
2026-04-23 19:44:32,NONE,0.00,NONE,1.00
2026-04-23 19:44:32,NONE,0.00,NONE,1.00
2026-04-23 19:44:32,OPEN_PALM,0.95,NONE,0.90
2026-04-23 19:44:32,OPEN_PALM,0.95,NONE,0.80
2026-04-23 19:44:32,OPEN_PALM,0.95,NONE,0.70
2026-04-23 19:44:32,OPEN_PALM,0.95,NONE,0.60
2026-04-23 19:44:32,OPEN_PALM,0.95,UNSTABLE,0.50
2026-04-23 19:44:32,OPEN_PALM,0.95,OPEN_PALM,0.60
2026-04-23 19:44:33,OPEN_PALM,0.95,OPEN_PALM,0.70
2026-04-23 19:44:33,OPEN_PALM,0.95,OPEN_PALM,0.80
2026-04-23 19:44:33,OPEN_PALM,0.95,OPEN_PALM,0.90
2026-04-23 19:44:33,OPEN_PALM,0.95,OPEN_PALM,1.00
2026-04-23 19:44:33,OPEN_PALM,0.95,OPEN_PALM,1.00
2026-04-23 19:44:33,OPEN_PALM,0.95,OPEN_PALM,1.00
2026-04-23 19:44:33,OPEN_PALM,0.95,OPEN_PALM,1.00
2026-04-23 19:44:33,OPEN_PALM,0.95,OPEN_PALM,1.00
2026-04-23 19:44:33,OPEN_PALM,0.95,OPEN_PALM,1.00
2026-04-23 19:44:33,OPEN_PALM,0.95,OPEN_PALM,1.00
2026-04-23 19:44:33,OPEN_PALM,0.95,OPEN_PALM,1.00
2026-04-23 19:44:33,OPEN_PALM,0.95,OPEN_PALM,1.00
2026-04-23 19:44:33,OPEN_PALM,0.95,OPEN_PALM,1.00
2026-04-23 19:44:33,OPEN_PALM,0.95,OPEN_PALM,1.00
2026-04-23 19:44:34,OPEN_PALM,0.95,OPEN_PALM,1.00
2026-04-23 19:44:34,OPEN_PALM,0.95,OPEN_PALM,1.00
2026-04-23 19:44:34,OPEN_PALM,0.95,OPEN_PALM,1.00
2026-04-23 19:44:34,OPEN_PALM,0.95,OPEN_PALM,1.00
2026-04-23 19:44:34,OPEN_PALM,0.95,OPEN_PALM,1.00
2026-04-23 19:44:34,OPEN_PALM,0.95,OPEN_PALM,1.00
2026-04-23 19:44:34,OPEN_PALM,0.95,OPEN_PALM,1.00
2026-04-23 19:44:34,OPEN_PALM,0.95,OPEN_PALM,1.00
2026-04-23 19:44:34,OPEN_PALM,0.95,OPEN_PALM,1.00
2026-04-23 19:44:34,OPEN_PALM,0.95,OPEN_PALM,1.00
2026-04-23 19:44:34,OPEN_PALM,0.95,OPEN_PALM,1.00
2026-04-23 19:44:35,OPEN_PALM,0.95,OPEN_PALM,1.00
2026-04-23 19:44:35,OPEN_PALM,0.95,OPEN_PALM,1.00
2026-04-23 19:44:35,OPEN_PALM,0.95,OPEN_PALM,1.00
2026-04-23 19:44:35,OPEN_PALM,0.95,OPEN_PALM,1.00
2026-04-23 19:44:35,OPEN_PALM,0.95,OPEN_PALM,1.00
2026-04-23 19:44:35,OPEN_PALM,0.95,OPEN_PALM,1.00
2026-04-23 19:44:35,OPEN_PALM,0.95,OPEN_PALM,1.00
2026-04-23 19:44:35,OPEN_PALM,0.95,OPEN_PALM,1.00
2026-04-23 19:44:35,OPEN_PALM,0.95,OPEN_PALM,1.00
2026-04-23 19:44:35,OPEN_PALM,0.95,OPEN_PALM,1.00
2026-04-23 19:44:35,OPEN_PALM,0.95,OPEN_PALM,1.00
2026-04-23 19:44:36,OPEN_PALM,0.95,OPEN_PALM,1.00
2026-04-23 19:44:36,OPEN_PALM,0.95,OPEN_PALM,1.00
2026-04-23 19:44:36,OPEN_PALM,0.95,OPEN_PALM,1.00
2026-04-23 19:44:36,OPEN_PALM,0.95,OPEN_PALM,1.00
2026-04-23 19:44:36,OPEN_PALM,0.95,OPEN_PALM,1.00
2026-04-23 19:44:36,OPEN_PALM,0.95,OPEN_PALM,1.00
2026-04-23 19:44:36,OPEN_PALM,0.95,OPEN_PALM,1.00
2026-04-23 19:44:36,OPEN_PALM,0.95,OPEN_PALM,1.00
2026-04-23 19:44:36,OPEN_PALM,0.95,OPEN_PALM,1.00
2026-04-23 19:44:36,OPEN_PALM,0.95,OPEN_PALM,1.00
2026-04-23 19:44:36,OPEN_PALM,0.95,OPEN_PALM,1.00
2026-04-23 19:44:37,OPEN_PALM,0.95,OPEN_PALM,1.00
2026-04-23 19:44:37,OPEN_PALM,0.95,OPEN_PALM,1.00
2026-04-23 19:44:37,OPEN_PALM,0.95,OPEN_PALM,1.00
2026-04-23 19:44:37,OPEN_PALM,0.95,OPEN_PALM,1.00
2026-04-23 19:44:37,OPEN_PALM,0.95,OPEN_PALM,1.00
2026-04-23 19:44:37,OPEN_PALM,0.95,OPEN_PALM,1.00
2026-04-23 19:44:37,OPEN_PALM,0.95,OPEN_PALM,1.00
2026-04-23 19:44:37,OPEN_PALM,0.95,OPEN_PALM,1.00
2026-04-23 19:44:37,OPEN_PALM,0.95,OPEN_PALM,1.00
2026-04-23 19:44:37,OPEN_PALM,0.95,OPEN_PALM,1.00
2026-04-23 19:44:37,OPEN_PALM,0.95,OPEN_PALM,1.00
2026-04-23 19:44:38,OPEN_PALM,0.95,OPEN_PALM,1.00
2026-04-23 19:44:38,OPEN_PALM,0.95,OPEN_PALM,1.00
2026-04-23 19:44:38,OPEN_PALM,0.95,OPEN_PALM,1.00
2026-04-23 19:44:38,OPEN_PALM,0.95,OPEN_PALM,1.00
2026-04-23 19:44:38,OPEN_PALM,0.95,OPEN_PALM,1.00
2026-04-23 19:44:38,OPEN_PALM,0.95,OPEN_PALM,1.00
2026-04-23 19:44:38,OPEN_PALM,0.95,OPEN_PALM,1.00
2026-04-23 19:44:38,OPEN_PALM,0.95,OPEN_PALM,1.00
2026-04-23 19:44:38,OPEN_PALM,0.95,OPEN_PALM,1.00
2026-04-23 19:44:38,OPEN_PALM,0.95,OPEN_PALM,1.00
2026-04-23 19:44:38,OPEN_PALM,0.95,OPEN_PALM,1.00
2026-04-23 19:44:38,OPEN_PALM,0.95,OPEN_PALM,1.00
2026-04-23 19:44:39,OPEN_PALM,0.95,OPEN_PALM,1.00
2026-04-23 19:44:39,OPEN_PALM,0.95,OPEN_PALM,1.00
2026-04-23 19:44:39,OPEN_PALM,0.95,OPEN_PALM,1.00
2026-04-23 19:44:39,OPEN_PALM,0.95,OPEN_PALM,1.00
2026-04-23 19:44:39,OPEN_PALM,0.95,OPEN_PALM,1.00
2026-04-23 19:44:39,OPEN_PALM,0.95,OPEN_PALM,1.00
2026-04-23 19:44:39,OPEN_PALM,0.95,OPEN_PALM,1.00
2026-04-23 19:44:39,OPEN_PALM,0.95,OPEN_PALM,1.00
2026-04-23 19:44:39,OPEN_PALM,0.95,OPEN_PALM,1.00
2026-04-23 19:44:39,OPEN_PALM,0.95,OPEN_PALM,1.00
2026-04-23 19:44:39,OPEN_PALM,0.95,OPEN_PALM,1.00
2026-04-23 19:44:40,OPEN_PALM,0.95,OPEN_PALM,1.00
2026-04-23 19:44:40,OPEN_PALM,0.95,OPEN_PALM,1.00
2026-04-23 19:44:40,OPEN_PALM,0.95,OPEN_PALM,1.00
2026-04-23 19:44:40,OPEN_PALM,0.95,OPEN_PALM,1.00
2026-04-23 19:44:40,OPEN_PALM,0.95,OPEN_PALM,1.00
2026-04-23 19:44:40,OPEN_PALM,0.95,OPEN_PALM,1.00
2026-04-23 19:44:40,OPEN_PALM,0.95,OPEN_PALM,1.00
2026-04-23 19:44:40,OPEN_PALM,0.95,OPEN_PALM,1.00
2026-04-23 19:44:40,UNKNOWN,0.40,OPEN_PALM,0.90
2026-04-23 19:44:40,UNKNOWN,0.40,OPEN_PALM,0.80
2026-04-23 19:44:40,TWO_FINGERS,0.90,OPEN_PALM,0.70
2026-04-23 19:44:41,UNKNOWN,0.40,OPEN_PALM,0.60
2026-04-23 19:44:41,TWO_FINGERS,0.90,UNSTABLE,0.50
2026-04-23 19:44:41,UNKNOWN,0.40,UNSTABLE,0.40
2026-04-23 19:44:41,UNKNOWN,0.40,UNSTABLE,0.50
2026-04-23 19:44:41,UNKNOWN,0.40,UNSTABLE,0.60
2026-04-23 19:44:41,UNKNOWN,0.40,UNSTABLE,0.70
2026-04-23 19:44:41,UNKNOWN,0.40,UNSTABLE,0.80
2026-04-23 19:44:41,UNKNOWN,0.40,UNSTABLE,0.80
2026-04-23 19:44:41,UNKNOWN,0.40,UNSTABLE,0.80
2026-04-23 19:44:41,UNKNOWN,0.40,UNSTABLE,0.90
2026-04-23 19:44:41,UNKNOWN,0.40,UNSTABLE,0.90
2026-04-23 19:44:42,UNKNOWN,0.40,UNSTABLE,1.00
2026-04-23 19:44:42,UNKNOWN,0.40,UNSTABLE,1.00
2026-04-23 19:44:42,UNKNOWN,0.40,UNSTABLE,1.00
2026-04-23 19:44:42,UNKNOWN,0.40,UNSTABLE,1.00
2026-04-23 19:44:42,TWO_FINGERS,0.90,UNSTABLE,0.90
2026-04-23 19:44:42,TWO_FINGERS,0.90,UNSTABLE,0.80
2026-04-23 19:44:42,TWO_FINGERS,0.90,UNSTABLE,0.70
2026-04-23 19:44:42,TWO_FINGERS,0.90,UNSTABLE,0.60
2026-04-23 19:44:42,TWO_FINGERS,0.90,UNSTABLE,0.50
2026-04-23 19:44:43,TWO_FINGERS,0.90,TWO_FINGERS,0.60
2026-04-23 19:44:43,TWO_FINGERS,0.90,TWO_FINGERS,0.70
2026-04-23 19:44:43,UNKNOWN,0.40,TWO_FINGERS,0.70
2026-04-23 19:44:43,TWO_FINGERS,0.90,TWO_FINGERS,0.80
2026-04-23 19:44:43,TWO_FINGERS,0.90,TWO_FINGERS,0.90
2026-04-23 19:44:43,TWO_FINGERS,0.90,TWO_FINGERS,0.90
2026-04-23 19:44:43,TWO_FINGERS,0.90,TWO_FINGERS,0.90
2026-04-23 19:44:43,TWO_FINGERS,0.90,TWO_FINGERS,0.90
2026-04-23 19:44:43,TWO_FINGERS,0.90,TWO_FINGERS,0.90
2026-04-23 19:44:44,TWO_FINGERS,0.90,TWO_FINGERS,0.90
2026-04-23 19:44:44,UNKNOWN,0.40,TWO_FINGERS,0.80
2026-04-23 19:44:44,TWO_FINGERS,0.90,TWO_FINGERS,0.80
2026-04-23 19:44:44,UNKNOWN,0.40,TWO_FINGERS,0.80
2026-04-23 19:44:44,UNKNOWN,0.40,TWO_FINGERS,0.70
2026-04-23 19:44:44,UNKNOWN,0.40,TWO_FINGERS,0.60
2026-04-23 19:44:44,UNKNOWN,0.40,UNSTABLE,0.50
2026-04-23 19:44:44,UNKNOWN,0.40,UNSTABLE,0.60
2026-04-23 19:44:44,UNKNOWN,0.40,UNSTABLE,0.70
2026-04-23 19:44:44,TWO_FINGERS,0.90,UNSTABLE,0.70
2026-04-23 19:44:44,TWO_FINGERS,0.90,UNSTABLE,0.70
2026-04-23 19:44:44,TWO_FINGERS,0.90,UNSTABLE,0.60
2026-04-23 19:44:44,TWO_FINGERS,0.90,UNSTABLE,0.60
2026-04-23 19:44:44,TWO_FINGERS,0.90,UNSTABLE,0.50
2026-04-23 19:44:45,TWO_FINGERS,0.90,TWO_FINGERS,0.60
2026-04-23 19:44:45,TWO_FINGERS,0.90,TWO_FINGERS,0.70
2026-04-23 19:44:45,TWO_FINGERS,0.90,TWO_FINGERS,0.80
2026-04-23 19:44:45,TWO_FINGERS,0.90,TWO_FINGERS,0.90
2026-04-23 19:44:45,UNKNOWN,0.40,TWO_FINGERS,0.90
2026-04-23 19:44:45,UNKNOWN,0.40,TWO_FINGERS,0.80
2026-04-23 19:44:45,TWO_FINGERS,0.90,TWO_FINGERS,0.80
2026-04-23 19:44:45,TWO_FINGERS,0.90,TWO_FINGERS,0.80
2026-04-23 19:44:45,TWO_FINGERS,0.90,TWO_FINGERS,0.80
2026-04-23 19:44:46,TWO_FINGERS,0.90,TWO_FINGERS,0.80
2026-04-23 19:44:46,TWO_FINGERS,0.90,TWO_FINGERS,0.80
2026-04-23 19:44:46,UNKNOWN,0.40,TWO_FINGERS,0.70
2026-04-23 19:44:46,UNKNOWN,0.40,TWO_FINGERS,0.60
2026-04-23 19:44:46,TWO_FINGERS,0.90,TWO_FINGERS,0.60
2026-04-23 19:44:46,TWO_FINGERS,0.90,TWO_FINGERS,0.70
2026-04-23 19:44:46,TWO_FINGERS,0.90,TWO_FINGERS,0.80
2026-04-23 19:44:46,UNKNOWN,0.40,TWO_FINGERS,0.70
2026-04-23 19:44:46,TWO_FINGERS,0.90,TWO_FINGERS,0.70
2026-04-23 19:44:46,UNKNOWN,0.40,TWO_FINGERS,0.60
2026-04-23 19:44:46,UNKNOWN,0.40,UNSTABLE,0.50
2026-04-23 19:44:46,UNKNOWN,0.40,UNSTABLE,0.60
2026-04-23 19:44:46,UNKNOWN,0.40,UNSTABLE,0.60
2026-04-23 19:44:47,UNKNOWN,0.40,UNSTABLE,0.60
2026-04-23 19:44:47,TWO_FINGERS,0.90,UNSTABLE,0.60
2026-04-23 19:44:47,UNKNOWN,0.40,UNSTABLE,0.70
2026-04-23 19:44:47,TWO_FINGERS,0.90,UNSTABLE,0.70
2026-04-23 19:44:47,UNKNOWN,0.40,UNSTABLE,0.70
2026-04-23 19:44:47,TWO_FINGERS,0.90,UNSTABLE,0.70
2026-04-23 19:44:47,TWO_FINGERS,0.90,UNSTABLE,0.60
2026-04-23 19:44:47,UNKNOWN,0.40,UNSTABLE,0.60
2026-04-23 19:44:47,TWO_FINGERS,0.90,UNSTABLE,0.50
2026-04-23 19:44:47,UNKNOWN,0.40,UNSTABLE,0.50
2026-04-23 19:44:48,TWO_FINGERS,0.90,TWO_FINGERS,0.60
2026-04-23 19:44:48,UNKNOWN,0.40,UNSTABLE,0.50
2026-04-23 19:44:48,TWO_FINGERS,0.90,TWO_FINGERS,0.60
2026-04-23 19:44:48,TWO_FINGERS,0.90,TWO_FINGERS,0.60
2026-04-23 19:44:48,TWO_FINGERS,0.90,TWO_FINGERS,0.70
2026-04-23 19:44:48,TWO_FINGERS,0.90,TWO_FINGERS,0.70
2026-04-23 19:44:48,UNKNOWN,0.40,TWO_FINGERS,0.60
2026-04-23 19:44:48,TWO_FINGERS,0.90,TWO_FINGERS,0.70
2026-04-23 19:44:48,TWO_FINGERS,0.90,TWO_FINGERS,0.70
2026-04-23 19:44:48,TWO_FINGERS,0.90,TWO_FINGERS,0.80
2026-04-23 19:44:49,TWO_FINGERS,0.90,TWO_FINGERS,0.80
2026-04-23 19:44:49,UNKNOWN,0.40,TWO_FINGERS,0.80
2026-04-23 19:44:49,TWO_FINGERS,0.90,TWO_FINGERS,0.80
2026-04-23 19:44:49,TWO_FINGERS,0.90,TWO_FINGERS,0.80
2026-04-23 19:44:49,UNKNOWN,0.40,TWO_FINGERS,0.70
2026-04-23 19:44:49,TWO_FINGERS,0.90,TWO_FINGERS,0.70
2026-04-23 19:44:49,UNKNOWN,0.40,TWO_FINGERS,0.70
2026-04-23 19:44:49,TWO_FINGERS,0.90,TWO_FINGERS,0.70
2026-04-23 19:44:49,TWO_FINGERS,0.90,TWO_FINGERS,0.70
2026-04-23 19:44:49,UNKNOWN,0.40,TWO_FINGERS,0.60
2026-04-23 19:44:49,TWO_FINGERS,0.90,TWO_FINGERS,0.60
2026-04-23 19:44:49,TWO_FINGERS,0.90,TWO_FINGERS,0.70
2026-04-23 19:44:49,TWO_FINGERS,0.90,TWO_FINGERS,0.70
2026-04-23 19:44:49,UNKNOWN,0.40,TWO_FINGERS,0.60
2026-04-23 19:44:49,TWO_FINGERS,0.90,TWO_FINGERS,0.70
2026-04-23 19:44:50,TWO_FINGERS,0.90,TWO_FINGERS,0.70
2026-04-23 19:44:50,TWO_FINGERS,0.90,TWO_FINGERS,0.80
2026-04-23 19:44:50,TWO_FINGERS,0.90,TWO_FINGERS,0.80
2026-04-23 19:44:50,UNKNOWN,0.40,TWO_FINGERS,0.70
2026-04-23 19:44:50,UNKNOWN,0.40,TWO_FINGERS,0.70
2026-04-23 19:44:50,TWO_FINGERS,0.90,TWO_FINGERS,0.70
2026-04-23 19:44:50,TWO_FINGERS,0.90,TWO_FINGERS,0.70
2026-04-23 19:44:50,TWO_FINGERS,0.90,TWO_FINGERS,0.70
2026-04-23 19:44:50,TWO_FINGERS,0.90,TWO_FINGERS,0.80
2026-04-23 19:44:50,TWO_FINGERS,0.90,TWO_FINGERS,0.80
2026-04-23 19:44:50,TWO_FINGERS,0.90,TWO_FINGERS,0.80
2026-04-23 19:44:51,TWO_FINGERS,0.90,TWO_FINGERS,0.80
2026-04-23 19:44:51,TWO_FINGERS,0.90,TWO_FINGERS,0.80
2026-04-23 19:44:51,TWO_FINGERS,0.90,TWO_FINGERS,0.90
2026-04-23 19:44:51,TWO_FINGERS,0.90,TWO_FINGERS,1.00
2026-04-23 19:44:51,TWO_FINGERS,0.90,TWO_FINGERS,1.00
2026-04-23 19:44:51,UNKNOWN,0.40,TWO_FINGERS,0.90
2026-04-23 19:44:51,TWO_FINGERS,0.90,TWO_FINGERS,0.90
2026-04-23 19:44:51,UNKNOWN,0.40,TWO_FINGERS,0.80
2026-04-23 19:44:51,TWO_FINGERS,0.90,TWO_FINGERS,0.80
2026-04-23 19:44:52,TWO_FINGERS,0.90,TWO_FINGERS,0.80
2026-04-23 19:44:52,UNKNOWN,0.40,TWO_FINGERS,0.70
2026-04-23 19:44:52,UNKNOWN,0.40,TWO_FINGERS,0.60
2026-04-23 19:44:52,TWO_FINGERS,0.90,TWO_FINGERS,0.60
2026-04-23 19:44:52,UNKNOWN,0.40,UNSTABLE,0.50
2026-04-23 19:44:52,TWO_FINGERS,0.90,UNSTABLE,0.50
2026-04-23 19:44:52,TWO_FINGERS,0.90,TWO_FINGERS,0.60
2026-04-23 19:44:52,OPEN_PALM,0.95,UNSTABLE,0.50
2026-04-23 19:44:52,OPEN_PALM,0.95,UNSTABLE,0.50
2026-04-23 19:44:52,OPEN_PALM,0.95,UNSTABLE,0.40
2026-04-23 19:44:52,OPEN_PALM,0.95,UNSTABLE,0.40
2026-04-23 19:44:52,OPEN_PALM,0.95,UNSTABLE,0.50
2026-04-23 19:44:53,OPEN_PALM,0.95,OPEN_PALM,0.60
2026-04-23 19:44:53,OPEN_PALM,0.95,OPEN_PALM,0.70
2026-04-23 19:44:53,OPEN_PALM,0.95,OPEN_PALM,0.80
2026-04-23 19:44:53,OPEN_PALM,0.95,OPEN_PALM,0.90
2026-04-23 19:44:53,OPEN_PALM,0.95,OPEN_PALM,1.00
2026-04-23 19:44:53,OPEN_PALM,0.95,OPEN_PALM,1.00
2026-04-23 19:44:53,OPEN_PALM,0.95,OPEN_PALM,1.00
2026-04-23 19:44:53,OPEN_PALM,0.95,OPEN_PALM,1.00
2026-04-23 19:44:53,OPEN_PALM,0.95,OPEN_PALM,1.00
2026-04-23 19:44:53,OPEN_PALM,0.95,OPEN_PALM,1.00
2026-04-23 19:44:53,OPEN_PALM,0.95,OPEN_PALM,1.00
2026-04-23 19:44:53,OPEN_PALM,0.95,OPEN_PALM,1.00
2026-04-23 19:44:54,OPEN_PALM,0.95,OPEN_PALM,1.00
2026-04-23 19:44:54,OPEN_PALM,0.95,OPEN_PALM,1.00
2026-04-23 19:44:54,OPEN_PALM,0.95,OPEN_PALM,1.00
2026-04-23 19:44:54,OPEN_PALM,0.95,OPEN_PALM,1.00
2026-04-23 19:44:54,OPEN_PALM,0.95,OPEN_PALM,1.00
2026-04-23 19:44:54,OPEN_PALM,0.95,OPEN_PALM,1.00
2026-04-23 19:44:54,OPEN_PALM,0.95,OPEN_PALM,1.00
2026-04-23 19:44:54,OPEN_PALM,0.95,OPEN_PALM,1.00
2026-04-23 19:44:54,OPEN_PALM,0.95,OPEN_PALM,1.00
2026-04-23 19:44:54,OPEN_PALM,0.95,OPEN_PALM,1.00
2026-04-23 19:44:54,OPEN_PALM,0.95,OPEN_PALM,1.00
2026-04-23 19:44:55,OPEN_PALM,0.95,OPEN_PALM,1.00
2026-04-23 19:44:55,OPEN_PALM,0.95,OPEN_PALM,1.00
2026-04-23 19:44:55,OPEN_PALM,0.95,OPEN_PALM,1.00
2026-04-23 19:44:55,OPEN_PALM,0.95,OPEN_PALM,1.00
2026-04-23 19:44:55,OPEN_PALM,0.95,OPEN_PALM,1.00
2026-04-23 19:44:55,OPEN_PALM,0.95,OPEN_PALM,1.00
2026-04-23 19:44:55,OPEN_PALM,0.95,OPEN_PALM,1.00
2026-04-23 19:44:55,OPEN_PALM,0.95,OPEN_PALM,1.00
2026-04-23 19:44:55,OPEN_PALM,0.95,OPEN_PALM,1.00
2026-04-23 19:44:55,OPEN_PALM,0.95,OPEN_PALM,1.00
2026-04-23 19:44:55,OPEN_PALM,0.95,OPEN_PALM,1.00
2026-04-23 19:44:56,OPEN_PALM,0.95,OPEN_PALM,1.00
2026-04-23 19:44:56,OPEN_PALM,0.95,OPEN_PALM,1.00
2026-04-23 19:44:56,OPEN_PALM,0.95,OPEN_PALM,1.00
2026-04-23 19:44:56,OPEN_PALM,0.95,OPEN_PALM,1.00
2026-04-23 19:44:56,OPEN_PALM,0.95,OPEN_PALM,1.00
2026-04-23 19:44:56,OPEN_PALM,0.95,OPEN_PALM,1.00
2026-04-23 19:44:56,OPEN_PALM,0.95,OPEN_PALM,1.00
2026-04-23 19:44:56,OPEN_PALM,0.95,OPEN_PALM,1.00
2026-04-23 19:44:56,OPEN_PALM,0.95,OPEN_PALM,1.00
2026-04-23 19:44:56,OPEN_PALM,0.95,OPEN_PALM,1.00
2026-04-23 19:44:56,OPEN_PALM,0.95,OPEN_PALM,1.00
2026-04-23 19:44:57,OPEN_PALM,0.95,OPEN_PALM,1.00
2026-04-23 19:44:57,OPEN_PALM,0.95,OPEN_PALM,1.00
2026-04-23 19:44:57,OPEN_PALM,0.95,OPEN_PALM,1.00
2026-04-23 19:44:57,OPEN_PALM,0.95,OPEN_PALM,1.00
2026-04-23 19:44:57,OPEN_PALM,0.95,OPEN_PALM,1.00
2026-04-23 19:44:57,OPEN_PALM,0.95,OPEN_PALM,1.00
2026-04-23 19:44:57,OPEN_PALM,0.95,OPEN_PALM,1.00
2026-04-23 19:44:57,OPEN_PALM,0.95,OPEN_PALM,1.00
2026-04-23 19:44:57,OPEN_PALM,0.95,OPEN_PALM,1.00
2026-04-23 19:44:57,OPEN_PALM,0.95,OPEN_PALM,1.00
2026-04-23 19:44:58,OPEN_PALM,0.95,OPEN_PALM,1.00
2026-04-23 19:44:58,OPEN_PALM,0.95,OPEN_PALM,1.00
2026-04-23 19:44:58,OPEN_PALM,0.95,OPEN_PALM,1.00
2026-04-23 19:44:58,OPEN_PALM,0.95,OPEN_PALM,1.00
2026-04-23 19:44:58,OPEN_PALM,0.95,OPEN_PALM,1.00
2026-04-23 19:44:58,OPEN_PALM,0.95,OPEN_PALM,1.00
2026-04-23 19:44:58,OPEN_PALM,0.95,OPEN_PALM,1.00
2026-04-23 19:44:58,OPEN_PALM,0.95,OPEN_PALM,1.00
2026-04-23 19:44:58,OPEN_PALM,0.95,OPEN_PALM,1.00
2026-04-23 19:44:58,OPEN_PALM,0.95,OPEN_PALM,1.00
2026-04-23 19:44:58,OPEN_PALM,0.95,OPEN_PALM,1.00
2026-04-23 19:44:58,OPEN_PALM,0.95,OPEN_PALM,1.00
2026-04-23 19:44:58,OPEN_PALM,0.95,OPEN_PALM,1.00
2026-04-23 19:44:59,OPEN_PALM,0.95,OPEN_PALM,1.00
2026-04-23 19:44:59,OPEN_PALM,0.95,OPEN_PALM,1.00
2026-04-23 19:44:59,OPEN_PALM,0.95,OPEN_PALM,1.00
2026-04-23 19:44:59,OPEN_PALM,0.95,OPEN_PALM,1.00
2026-04-23 19:44:59,OPEN_PALM,0.95,OPEN_PALM,1.00
2026-04-23 19:44:59,OPEN_PALM,0.95,OPEN_PALM,1.00
2026-04-23 19:44:59,OPEN_PALM,0.95,OPEN_PALM,1.00
2026-04-23 19:44:59,OPEN_PALM,0.95,OPEN_PALM,1.00
2026-04-23 19:44:59,OPEN_PALM,0.95,OPEN_PALM,1.00
2026-04-23 19:44:59,OPEN_PALM,0.95,OPEN_PALM,1.00
2026-04-23 19:45:00,OPEN_PALM,0.95,OPEN_PALM,1.00
2026-04-23 19:45:00,OPEN_PALM,0.95,OPEN_PALM,1.00
2026-04-23 19:45:00,OPEN_PALM,0.95,OPEN_PALM,1.00
2026-04-23 19:45:00,OPEN_PALM,0.95,OPEN_PALM,1.00
2026-04-23 19:45:00,OPEN_PALM,0.95,OPEN_PALM,1.00
2026-04-23 19:45:00,OPEN_PALM,0.95,OPEN_PALM,1.00
2026-04-23 19:45:00,OPEN_PALM,0.95,OPEN_PALM,1.00
2026-04-23 19:45:00,OPEN_PALM,0.95,OPEN_PALM,1.00
2026-04-23 19:45:00,OPEN_PALM,0.95,OPEN_PALM,1.00
2026-04-23 19:45:00,OPEN_PALM,0.95,OPEN_PALM,1.00
2026-04-23 19:45:00,OPEN_PALM,0.95,OPEN_PALM,1.00
2026-04-23 19:45:00,OPEN_PALM,0.95,OPEN_PALM,1.00
2026-04-23 19:45:01,OPEN_PALM,0.95,OPEN_PALM,1.00
2026-04-23 19:45:01,OPEN_PALM,0.95,OPEN_PALM,1.00
2026-04-23 19:45:01,OPEN_PALM,0.95,OPEN_PALM,1.00
2026-04-23 19:45:01,OPEN_PALM,0.95,OPEN_PALM,1.00
2026-04-23 19:45:01,OPEN_PALM,0.95,OPEN_PALM,1.00
2026-04-23 19:45:01,OPEN_PALM,0.95,OPEN_PALM,1.00
2026-04-23 19:45:01,OPEN_PALM,0.95,OPEN_PALM,1.00
2026-04-23 19:45:01,OPEN_PALM,0.95,OPEN_PALM,1.00
2026-04-23 19:45:01,OPEN_PALM,0.95,OPEN_PALM,1.00
2026-04-23 19:45:01,OPEN_PALM,0.95,OPEN_PALM,1.00
2026-04-23 19:45:02,OPEN_PALM,0.95,OPEN_PALM,1.00
2026-04-23 19:45:02,OPEN_PALM,0.95,OPEN_PALM,1.00
2026-04-23 19:45:02,OPEN_PALM,0.95,OPEN_PALM,1.00
2026-04-23 19:45:02,OPEN_PALM,0.95,OPEN_PALM,1.00
2026-04-23 19:45:02,OPEN_PALM,0.95,OPEN_PALM,1.00
2026-04-23 19:45:02,OPEN_PALM,0.95,OPEN_PALM,1.00
2026-04-23 19:45:02,OPEN_PALM,0.95,OPEN_PALM,1.00
2026-04-23 19:45:02,OPEN_PALM,0.95,OPEN_PALM,1.00
2026-04-23 19:45:02,OPEN_PALM,0.95,OPEN_PALM,1.00
2026-04-23 19:45:02,OPEN_PALM,0.95,OPEN_PALM,1.00
2026-04-23 19:45:02,OPEN_PALM,0.95,OPEN_PALM,1.00
2026-04-23 19:45:02,OPEN_PALM,0.95,OPEN_PALM,1.00
2026-04-23 19:45:03,OPEN_PALM,0.95,OPEN_PALM,1.00
2026-04-23 19:45:03,OPEN_PALM,0.95,OPEN_PALM,1.00
2026-04-23 19:45:03,OPEN_PALM,0.95,OPEN_PALM,1.00
2026-04-23 19:45:03,OPEN_PALM,0.95,OPEN_PALM,1.00
2026-04-23 19:45:03,OPEN_PALM,0.95,OPEN_PALM,1.00
2026-04-23 19:45:03,OPEN_PALM,0.95,OPEN_PALM,1.00
2026-04-23 19:45:03,OPEN_PALM,0.95,OPEN_PALM,1.00
2026-04-23 19:45:03,OPEN_PALM,0.95,OPEN_PALM,1.00
2026-04-23 19:45:03,OPEN_PALM,0.95,OPEN_PALM,1.00
2026-04-23 19:45:03,OPEN_PALM,0.95,OPEN_PALM,1.00
2026-04-23 19:45:03,OPEN_PALM,0.95,OPEN_PALM,1.00
2026-04-23 19:45:04,OPEN_PALM,0.95,OPEN_PALM,1.00
2026-04-23 19:45:04,OPEN_PALM,0.95,OPEN_PALM,1.00
2026-04-23 19:45:04,OPEN_PALM,0.95,OPEN_PALM,1.00
2026-04-23 19:45:04,OPEN_PALM,0.95,OPEN_PALM,1.00
2026-04-23 19:45:04,OPEN_PALM,0.95,OPEN_PALM,1.00
2026-04-23 19:45:04,OPEN_PALM,0.95,OPEN_PALM,1.00
2026-04-23 19:45:04,OPEN_PALM,0.95,OPEN_PALM,1.00
2026-04-23 19:45:04,OPEN_PALM,0.95,OPEN_PALM,1.00
2026-04-23 19:45:04,OPEN_PALM,0.95,OPEN_PALM,1.00
2026-04-23 19:45:04,OPEN_PALM,0.95,OPEN_PALM,1.00
2026-04-23 19:45:04,OPEN_PALM,0.95,OPEN_PALM,1.00
2026-04-23 19:45:05,OPEN_PALM,0.95,OPEN_PALM,1.00
2026-04-23 19:45:05,OPEN_PALM,0.95,OPEN_PALM,1.00
2026-04-23 19:45:05,OPEN_PALM,0.95,OPEN_PALM,1.00
2026-04-23 19:45:05,OPEN_PALM,0.95,OPEN_PALM,1.00
2026-04-23 19:45:05,OPEN_PALM,0.95,OPEN_PALM,1.00
2026-04-23 19:45:05,OPEN_PALM,0.95,OPEN_PALM,1.00
2026-04-23 19:45:05,OPEN_PALM,0.95,OPEN_PALM,1.00
2026-04-23 19:45:05,OPEN_PALM,0.95,OPEN_PALM,1.00
2026-04-23 19:45:05,OPEN_PALM,0.95,OPEN_PALM,1.00
2026-04-23 19:45:05,OPEN_PALM,0.95,OPEN_PALM,1.00
2026-04-23 19:45:06,OPEN_PALM,0.95,OPEN_PALM,1.00
2026-04-23 19:45:06,OPEN_PALM,0.95,OPEN_PALM,1.00
2026-04-23 19:45:06,OPEN_PALM,0.95,OPEN_PALM,1.00
2026-04-23 19:45:06,OPEN_PALM,0.95,OPEN_PALM,1.00
2026-04-23 19:45:06,OPEN_PALM,0.95,OPEN_PALM,1.00
2026-04-23 19:45:06,OPEN_PALM,0.95,OPEN_PALM,1.00
2026-04-23 19:45:06,OPEN_PALM,0.95,OPEN_PALM,1.00
2026-04-23 19:45:06,OPEN_PALM,0.95,OPEN_PALM,1.00
2026-04-23 19:45:06,OPEN_PALM,0.95,OPEN_PALM,1.00
2026-04-23 19:45:06,OPEN_PALM,0.95,OPEN_PALM,1.00
2026-04-23 19:45:06,OPEN_PALM,0.95,OPEN_PALM,1.00
2026-04-23 19:45:06,OPEN_PALM,0.95,OPEN_PALM,1.00
2026-04-23 19:45:07,OPEN_PALM,0.95,OPEN_PALM,1.00
2026-04-23 19:45:07,OPEN_PALM,0.95,OPEN_PALM,1.00
2026-04-23 19:45:07,OPEN_PALM,0.95,OPEN_PALM,1.00
2026-04-23 19:45:07,OPEN_PALM,0.95,OPEN_PALM,1.00
2026-04-23 19:45:07,OPEN_PALM,0.95,OPEN_PALM,1.00
2026-04-23 19:45:07,OPEN_PALM,0.95,OPEN_PALM,1.00
2026-04-23 19:45:07,OPEN_PALM,0.95,OPEN_PALM,1.00
2026-04-23 19:45:07,OPEN_PALM,0.95,OPEN_PALM,1.00
2026-04-23 19:45:07,OPEN_PALM,0.95,OPEN_PALM,1.00
2026-04-23 19:45:07,OPEN_PALM,0.95,OPEN_PALM,1.00
2026-04-23 19:45:07,OPEN_PALM,0.95,OPEN_PALM,1.00
2026-04-23 19:45:08,OPEN_PALM,0.95,OPEN_PALM,1.00
2026-04-23 19:45:08,OPEN_PALM,0.95,OPEN_PALM,1.00
2026-04-23 19:45:08,OPEN_PALM,0.95,OPEN_PALM,1.00
2026-04-23 19:45:08,OPEN_PALM,0.95,OPEN_PALM,1.00
2026-04-23 19:45:08,OPEN_PALM,0.95,OPEN_PALM,1.00
2026-04-23 19:45:08,OPEN_PALM,0.95,OPEN_PALM,1.00
2026-04-23 19:45:08,OPEN_PALM,0.95,OPEN_PALM,1.00
2026-04-23 19:45:08,OPEN_PALM,0.95,OPEN_PALM,1.00
2026-04-23 19:45:08,OPEN_PALM,0.95,OPEN_PALM,1.00
2026-04-23 19:45:08,OPEN_PALM,0.95,OPEN_PALM,1.00
2026-04-23 19:45:08,OPEN_PALM,0.95,OPEN_PALM,1.00
2026-04-23 19:45:09,OPEN_PALM,0.95,OPEN_PALM,1.00
2026-04-23 19:45:09,OPEN_PALM,0.95,OPEN_PALM,1.00
2026-04-23 19:45:09,OPEN_PALM,0.95,OPEN_PALM,1.00
2026-04-23 19:45:09,OPEN_PALM,0.95,OPEN_PALM,1.00
2026-04-23 19:45:09,OPEN_PALM,0.95,OPEN_PALM,1.00
2026-04-23 19:45:09,OPEN_PALM,0.95,OPEN_PALM,1.00
2026-04-23 19:45:09,OPEN_PALM,0.95,OPEN_PALM,1.00
2026-04-23 19:45:09,OPEN_PALM,0.95,OPEN_PALM,1.00
2026-04-23 19:45:09,OPEN_PALM,0.95,OPEN_PALM,1.00
2026-04-23 19:45:09,OPEN_PALM,0.95,OPEN_PALM,1.00
2026-04-23 19:45:09,OPEN_PALM,0.95,OPEN_PALM,1.00
2026-04-23 19:45:10,OPEN_PALM,0.95,OPEN_PALM,1.00
2026-04-23 19:45:10,OPEN_PALM,0.95,OPEN_PALM,1.00
2026-04-23 19:45:10,OPEN_PALM,0.95,OPEN_PALM,1.00
2026-04-23 19:45:10,OPEN_PALM,0.95,OPEN_PALM,1.00
2026-04-23 19:45:10,OPEN_PALM,0.95,OPEN_PALM,1.00
2026-04-23 19:45:10,OPEN_PALM,0.95,OPEN_PALM,1.00
2026-04-23 19:45:10,OPEN_PALM,0.95,OPEN_PALM,1.00
2026-04-23 19:45:10,OPEN_PALM,0.95,OPEN_PALM,1.00
2026-04-23 19:45:10,OPEN_PALM,0.95,OPEN_PALM,1.00
2026-04-23 19:45:10,OPEN_PALM,0.95,OPEN_PALM,1.00
2026-04-23 19:45:10,OPEN_PALM,0.95,OPEN_PALM,1.00
2026-04-23 19:45:10,OPEN_PALM,0.95,OPEN_PALM,1.00
2026-04-23 19:45:11,OPEN_PALM,0.95,OPEN_PALM,1.00
2026-04-23 19:45:11,OPEN_PALM,0.95,OPEN_PALM,1.00
2026-04-23 19:45:11,OPEN_PALM,0.95,OPEN_PALM,1.00
2026-04-23 19:45:11,OPEN_PALM,0.95,OPEN_PALM,1.00
2026-04-23 19:45:11,OPEN_PALM,0.95,OPEN_PALM,1.00
2026-04-23 19:45:11,OPEN_PALM,0.95,OPEN_PALM,1.00
2026-04-23 19:45:11,OPEN_PALM,0.95,OPEN_PALM,1.00
2026-04-23 19:45:11,OPEN_PALM,0.95,OPEN_PALM,1.00
2026-04-23 19:45:11,OPEN_PALM,0.95,OPEN_PALM,1.00
2026-04-23 19:45:11,OPEN_PALM,0.95,OPEN_PALM,1.00
2026-04-23 19:45:11,OPEN_PALM,0.95,OPEN_PALM,1.00
2026-04-23 19:45:12,OPEN_PALM,0.95,OPEN_PALM,1.00
2026-04-23 19:45:12,OPEN_PALM,0.95,OPEN_PALM,1.00
2026-04-23 19:45:12,OPEN_PALM,0.95,OPEN_PALM,1.00
2026-04-23 19:45:12,UNKNOWN,0.40,OPEN_PALM,0.90
2026-04-23 19:45:12,TWO_FINGERS,0.90,OPEN_PALM,0.80
2026-04-23 19:45:12,TWO_FINGERS,0.90,OPEN_PALM,0.70
2026-04-23 19:45:12,TWO_FINGERS,0.90,OPEN_PALM,0.60
2026-04-23 19:45:12,TWO_FINGERS,0.90,UNSTABLE,0.50
2026-04-23 19:45:12,UNKNOWN,0.40,UNSTABLE,0.40
2026-04-23 19:45:12,OPEN_PALM,0.95,UNSTABLE,0.40
2026-04-23 19:45:12,UNKNOWN,0.40,UNSTABLE,0.40
2026-04-23 19:45:13,UNKNOWN,0.40,UNSTABLE,0.40
2026-04-23 19:45:13,UNKNOWN,0.40,UNSTABLE,0.50
2026-04-23 19:45:13,UNKNOWN,0.40,UNSTABLE,0.50
2026-04-23 19:45:13,OPEN_PALM,0.95,UNSTABLE,0.50
2026-04-23 19:45:13,OPEN_PALM,0.95,UNSTABLE,0.50
2026-04-23 19:45:13,OPEN_PALM,0.95,UNSTABLE,0.50
2026-04-23 19:45:13,OPEN_PALM,0.95,UNSTABLE,0.50
2026-04-23 19:45:13,TWO_FINGERS,0.90,UNSTABLE,0.50
2026-04-23 19:45:13,UNKNOWN,0.40,UNSTABLE,0.50
2026-04-23 19:45:13,OPEN_PALM,0.95,UNSTABLE,0.50
2026-04-23 19:45:13,UNKNOWN,0.40,UNSTABLE,0.50
2026-04-23 19:45:14,UNKNOWN,0.40,UNSTABLE,0.50
2026-04-23 19:45:14,UNKNOWN,0.40,UNSTABLE,0.50
2026-04-23 19:45:14,TWO_FINGERS,0.90,UNSTABLE,0.40
2026-04-23 19:45:14,TWO_FINGERS,0.90,UNSTABLE,0.40
2026-04-23 19:45:14,TWO_FINGERS,0.90,UNSTABLE,0.40
2026-04-23 19:45:14,TWO_FINGERS,0.90,UNSTABLE,0.50
2026-04-23 19:45:14,TWO_FINGERS,0.90,UNSTABLE,0.50
2026-04-23 19:45:14,TWO_FINGERS,0.90,TWO_FINGERS,0.60
2026-04-23 19:45:14,TWO_FINGERS,0.90,TWO_FINGERS,0.70
2026-04-23 19:45:15,UNKNOWN,0.40,TWO_FINGERS,0.70
2026-04-23 19:45:15,TWO_FINGERS,0.90,TWO_FINGERS,0.80
2026-04-23 19:45:15,TWO_FINGERS,0.90,TWO_FINGERS,0.90
2026-04-23 19:45:15,TWO_FINGERS,0.90,TWO_FINGERS,0.90
2026-04-23 19:45:15,TWO_FINGERS,0.90,TWO_FINGERS,0.90
2026-04-23 19:45:15,UNKNOWN,0.40,TWO_FINGERS,0.80
2026-04-23 19:45:15,UNKNOWN,0.40,TWO_FINGERS,0.70
2026-04-23 19:45:15,UNKNOWN,0.40,TWO_FINGERS,0.60
2026-04-23 19:45:15,UNKNOWN,0.40,UNSTABLE,0.50
2026-04-23 19:45:15,UNKNOWN,0.40,UNSTABLE,0.60
2026-04-23 19:45:15,UNKNOWN,0.40,UNSTABLE,0.60
2026-04-23 19:45:15,UNKNOWN,0.40,UNSTABLE,0.70
2026-04-23 19:45:15,UNKNOWN,0.40,UNSTABLE,0.80
2026-04-23 19:45:16,UNKNOWN,0.40,UNSTABLE,0.90
2026-04-23 19:45:16,UNKNOWN,0.40,UNSTABLE,1.00
2026-04-23 19:45:16,TWO_FINGERS,0.90,UNSTABLE,0.90
2026-04-23 19:45:16,TWO_FINGERS,0.90,UNSTABLE,0.80
2026-04-23 19:45:16,TWO_FINGERS,0.90,UNSTABLE,0.70
2026-04-23 19:45:16,UNKNOWN,0.40,UNSTABLE,0.70
2026-04-23 19:45:16,TWO_FINGERS,0.90,UNSTABLE,0.60
2026-04-23 19:45:16,TWO_FINGERS,0.90,UNSTABLE,0.50
2026-04-23 19:45:17,TWO_FINGERS,0.90,TWO_FINGERS,0.60
2026-04-23 19:45:17,UNKNOWN,0.40,TWO_FINGERS,0.60
2026-04-23 19:45:17,TWO_FINGERS,0.90,TWO_FINGERS,0.70
2026-04-23 19:45:17,TWO_FINGERS,0.90,TWO_FINGERS,0.80
2026-04-23 19:45:17,TWO_FINGERS,0.90,TWO_FINGERS,0.80
2026-04-23 19:45:17,TWO_FINGERS,0.90,TWO_FINGERS,0.80
2026-04-23 19:45:17,TWO_FINGERS,0.90,TWO_FINGERS,0.80
2026-04-23 19:45:17,TWO_FINGERS,0.90,TWO_FINGERS,0.90
2026-04-23 19:45:17,TWO_FINGERS,0.90,TWO_FINGERS,0.90
2026-04-23 19:45:17,TWO_FINGERS,0.90,TWO_FINGERS,0.90
2026-04-23 19:45:17,TWO_FINGERS,0.90,TWO_FINGERS,0.90
2026-04-23 19:45:17,UNKNOWN,0.40,TWO_FINGERS,0.90
2026-04-23 19:45:17,TWO_FINGERS,0.90,TWO_FINGERS,0.90
2026-04-23 19:45:17,TWO_FINGERS,0.90,TWO_FINGERS,0.90
2026-04-23 19:45:18,TWO_FINGERS,0.90,TWO_FINGERS,0.90
2026-04-23 19:45:18,TWO_FINGERS,0.90,TWO_FINGERS,0.90
2026-04-23 19:45:18,TWO_FINGERS,0.90,TWO_FINGERS,0.90
2026-04-23 19:45:18,TWO_FINGERS,0.90,TWO_FINGERS,0.90
2026-04-23 19:45:18,UNKNOWN,0.40,TWO_FINGERS,0.80
2026-04-23 19:45:18,UNKNOWN,0.40,TWO_FINGERS,0.70
2026-04-23 19:45:18,TWO_FINGERS,0.90,TWO_FINGERS,0.70
2026-04-23 19:45:18,UNKNOWN,0.40,TWO_FINGERS,0.70
2026-04-23 19:45:18,UNKNOWN,0.40,TWO_FINGERS,0.60
2026-04-23 19:45:19,UNKNOWN,0.40,UNSTABLE,0.50
2026-04-23 19:45:19,TWO_FINGERS,0.90,UNSTABLE,0.50
2026-04-23 19:45:19,TWO_FINGERS,0.90,UNSTABLE,0.50
2026-04-23 19:45:19,TWO_FINGERS,0.90,UNSTABLE,0.50
2026-04-23 19:45:19,TWO_FINGERS,0.90,UNSTABLE,0.50
2026-04-23 19:45:19,TWO_FINGERS,0.90,TWO_FINGERS,0.60
2026-04-23 19:45:19,TWO_FINGERS,0.90,TWO_FINGERS,0.70
2026-04-23 19:45:19,TWO_FINGERS,0.90,TWO_FINGERS,0.70
2026-04-23 19:45:19,TWO_FINGERS,0.90,TWO_FINGERS,0.80
2026-04-23 19:45:19,TWO_FINGERS,0.90,TWO_FINGERS,0.90
2026-04-23 19:45:19,TWO_FINGERS,0.90,TWO_FINGERS,1.00
2026-04-23 19:45:19,UNKNOWN,0.40,TWO_FINGERS,0.90
2026-04-23 19:45:19,TWO_FINGERS,0.90,TWO_FINGERS,0.90
2026-04-23 19:45:20,TWO_FINGERS,0.90,TWO_FINGERS,0.90
2026-04-23 19:45:20,TWO_FINGERS,0.90,TWO_FINGERS,0.90
2026-04-23 19:45:20,TWO_FINGERS,0.90,TWO_FINGERS,0.90
2026-04-23 19:45:20,TWO_FINGERS,0.90,TWO_FINGERS,0.90
2026-04-23 19:45:20,TWO_FINGERS,0.90,TWO_FINGERS,0.90
2026-04-23 19:45:20,TWO_FINGERS,0.90,TWO_FINGERS,0.90
2026-04-23 19:45:20,TWO_FINGERS,0.90,TWO_FINGERS,0.90
2026-04-23 19:45:20,TWO_FINGERS,0.90,TWO_FINGERS,0.90
2026-04-23 19:45:20,TWO_FINGERS,0.90,TWO_FINGERS,1.00
2026-04-23 19:45:20,TWO_FINGERS,0.90,TWO_FINGERS,1.00
2026-04-23 19:45:21,TWO_FINGERS,0.90,TWO_FINGERS,1.00
2026-04-23 19:45:21,TWO_FINGERS,0.90,TWO_FINGERS,1.00
2026-04-23 19:45:21,TWO_FINGERS,0.90,TWO_FINGERS,1.00
2026-04-23 19:45:21,TWO_FINGERS,0.90,TWO_FINGERS,1.00
2026-04-23 19:45:21,TWO_FINGERS,0.90,TWO_FINGERS,1.00
2026-04-23 19:45:21,TWO_FINGERS,0.90,TWO_FINGERS,1.00
2026-04-23 19:45:21,TWO_FINGERS,0.90,TWO_FINGERS,1.00
2026-04-23 19:45:21,TWO_FINGERS,0.90,TWO_FINGERS,1.00
2026-04-23 19:45:21,TWO_FINGERS,0.90,TWO_FINGERS,1.00
2026-04-23 19:45:22,TWO_FINGERS,0.90,TWO_FINGERS,1.00
2026-04-23 19:45:22,TWO_FINGERS,0.90,TWO_FINGERS,1.00
2026-04-23 19:45:22,TWO_FINGERS,0.90,TWO_FINGERS,1.00
2026-04-23 19:45:22,TWO_FINGERS,0.90,TWO_FINGERS,1.00
2026-04-23 19:45:22,TWO_FINGERS,0.90,TWO_FINGERS,1.00
2026-04-23 19:45:22,TWO_FINGERS,0.90,TWO_FINGERS,1.00
2026-04-23 19:45:22,TWO_FINGERS,0.90,TWO_FINGERS,1.00
2026-04-23 19:45:22,TWO_FINGERS,0.90,TWO_FINGERS,1.00
2026-04-23 19:45:22,TWO_FINGERS,0.90,TWO_FINGERS,1.00
2026-04-23 19:45:22,TWO_FINGERS,0.90,TWO_FINGERS,1.00
2026-04-23 19:45:22,UNKNOWN,0.40,TWO_FINGERS,0.90
2026-04-23 19:45:22,TWO_FINGERS,0.90,TWO_FINGERS,0.90
2026-04-23 19:45:22,TWO_FINGERS,0.90,TWO_FINGERS,0.90
2026-04-23 19:45:23,UNKNOWN,0.40,TWO_FINGERS,0.80
2026-04-23 19:45:23,UNKNOWN,0.40,TWO_FINGERS,0.70
2026-04-23 19:45:23,TWO_FINGERS,0.90,TWO_FINGERS,0.70
2026-04-23 19:45:23,TWO_FINGERS,0.90,TWO_FINGERS,0.70
2026-04-23 19:45:23,TWO_FINGERS,0.90,TWO_FINGERS,0.70
2026-04-23 19:45:23,UNKNOWN,0.40,TWO_FINGERS,0.60
2026-04-23 19:45:23,TWO_FINGERS,0.90,TWO_FINGERS,0.60
2026-04-23 19:45:23,UNKNOWN,0.40,TWO_FINGERS,0.60
2026-04-23 19:45:23,TWO_FINGERS,0.90,TWO_FINGERS,0.60
2026-04-23 19:45:24,UNKNOWN,0.40,UNSTABLE,0.50
2026-04-23 19:45:24,TWO_FINGERS,0.90,TWO_FINGERS,0.60
2026-04-23 19:45:24,TWO_FINGERS,0.90,TWO_FINGERS,0.70
2026-04-23 19:45:24,TWO_FINGERS,0.90,TWO_FINGERS,0.70
2026-04-23 19:45:24,TWO_FINGERS,0.90,TWO_FINGERS,0.70
2026-04-23 19:45:24,TWO_FINGERS,0.90,TWO_FINGERS,0.70
2026-04-23 19:45:24,TWO_FINGERS,0.90,TWO_FINGERS,0.80
2026-04-23 19:45:24,UNKNOWN,0.40,TWO_FINGERS,0.70
2026-04-23 19:45:24,TWO_FINGERS,0.90,TWO_FINGERS,0.80
2026-04-23 19:45:24,TWO_FINGERS,0.90,TWO_FINGERS,0.80
2026-04-23 19:45:24,TWO_FINGERS,0.90,TWO_FINGERS,0.90
2026-04-23 19:45:24,TWO_FINGERS,0.90,TWO_FINGERS,0.90
2026-04-23 19:45:24,TWO_FINGERS,0.90,TWO_FINGERS,0.90
2026-04-23 19:45:25,UNKNOWN,0.40,TWO_FINGERS,0.80
2026-04-23 19:45:25,OPEN_PALM,0.95,TWO_FINGERS,0.70
2026-04-23 19:45:25,TWO_FINGERS,0.90,TWO_FINGERS,0.70
2026-04-23 19:45:25,UNKNOWN,0.40,TWO_FINGERS,0.60
2026-04-23 19:45:25,TWO_FINGERS,0.90,TWO_FINGERS,0.70
2026-04-23 19:45:25,TWO_FINGERS,0.90,TWO_FINGERS,0.70
2026-04-23 19:45:25,TWO_FINGERS,0.90,TWO_FINGERS,0.70
2026-04-23 19:45:25,TWO_FINGERS,0.90,TWO_FINGERS,0.70
2026-04-23 19:45:25,TWO_FINGERS,0.90,TWO_FINGERS,0.70
2026-04-23 19:45:26,TWO_FINGERS,0.90,TWO_FINGERS,0.70
2026-04-23 19:45:26,TWO_FINGERS,0.90,TWO_FINGERS,0.80
2026-04-23 19:45:26,TWO_FINGERS,0.90,TWO_FINGERS,0.90
2026-04-23 19:45:26,TWO_FINGERS,0.90,TWO_FINGERS,0.90
2026-04-23 19:45:26,TWO_FINGERS,0.90,TWO_FINGERS,1.00
2026-04-23 19:45:26,TWO_FINGERS,0.90,TWO_FINGERS,1.00
2026-04-23 19:45:26,TWO_FINGERS,0.90,TWO_FINGERS,1.00
2026-04-23 19:45:26,TWO_FINGERS,0.90,TWO_FINGERS,1.00
2026-04-23 19:45:26,TWO_FINGERS,0.90,TWO_FINGERS,1.00
2026-04-23 19:45:26,TWO_FINGERS,0.90,TWO_FINGERS,1.00
2026-04-23 19:45:27,TWO_FINGERS,0.90,TWO_FINGERS,1.00
2026-04-23 19:45:27,TWO_FINGERS,0.90,TWO_FINGERS,1.00
2026-04-23 19:45:27,TWO_FINGERS,0.90,TWO_FINGERS,1.00
2026-04-23 19:45:27,UNKNOWN,0.40,TWO_FINGERS,0.90
2026-04-23 19:45:27,TWO_FINGERS,0.90,TWO_FINGERS,0.90
2026-04-23 19:45:27,TWO_FINGERS,0.90,TWO_FINGERS,0.90
2026-04-23 19:45:27,TWO_FINGERS,0.90,TWO_FINGERS,0.90
2026-04-23 19:45:27,TWO_FINGERS,0.90,TWO_FINGERS,0.90
2026-04-23 19:45:27,UNKNOWN,0.40,TWO_FINGERS,0.80
2026-04-23 19:45:27,TWO_FINGERS,0.90,TWO_FINGERS,0.80
2026-04-23 19:45:27,UNKNOWN,0.40,TWO_FINGERS,0.70
2026-04-23 19:45:27,TWO_FINGERS,0.90,TWO_FINGERS,0.70
2026-04-23 19:45:27,TWO_FINGERS,0.90,TWO_FINGERS,0.70
2026-04-23 19:45:27,TWO_FINGERS,0.90,TWO_FINGERS,0.80
2026-04-23 19:45:28,TWO_FINGERS,0.90,TWO_FINGERS,0.80
2026-04-23 19:45:28,TWO_FINGERS,0.90,TWO_FINGERS,0.80
2026-04-23 19:45:28,TWO_FINGERS,0.90,TWO_FINGERS,0.80
2026-04-23 19:45:28,TWO_FINGERS,0.90,TWO_FINGERS,0.80
2026-04-23 19:45:28,TWO_FINGERS,0.90,TWO_FINGERS,0.90
2026-04-23 19:45:28,TWO_FINGERS,0.90,TWO_FINGERS,0.90
2026-04-23 19:45:28,TWO_FINGERS,0.90,TWO_FINGERS,1.00
2026-04-23 19:45:28,TWO_FINGERS,0.90,TWO_FINGERS,1.00
2026-04-23 19:45:28,TWO_FINGERS,0.90,TWO_FINGERS,1.00
2026-04-23 19:45:28,TWO_FINGERS,0.90,TWO_FINGERS,1.00
2026-04-23 19:45:28,TWO_FINGERS,0.90,TWO_FINGERS,1.00
2026-04-23 19:45:29,TWO_FINGERS,0.90,TWO_FINGERS,1.00
2026-04-23 19:45:29,TWO_FINGERS,0.90,TWO_FINGERS,1.00
2026-04-23 19:45:29,TWO_FINGERS,0.90,TWO_FINGERS,1.00
2026-04-23 19:45:29,TWO_FINGERS,0.90,TWO_FINGERS,1.00
2026-04-23 19:45:29,TWO_FINGERS,0.90,TWO_FINGERS,1.00
2026-04-23 19:45:29,TWO_FINGERS,0.90,TWO_FINGERS,1.00
2026-04-23 19:45:29,TWO_FINGERS,0.90,TWO_FINGERS,1.00
2026-04-23 19:45:29,TWO_FINGERS,0.90,TWO_FINGERS,1.00
2026-04-23 19:45:29,TWO_FINGERS,0.90,TWO_FINGERS,1.00
2026-04-23 19:45:29,TWO_FINGERS,0.90,TWO_FINGERS,1.00
2026-04-23 19:45:30,TWO_FINGERS,0.90,TWO_FINGERS,1.00
2026-04-23 19:45:30,TWO_FINGERS,0.90,TWO_FINGERS,1.00
2026-04-23 19:45:30,TWO_FINGERS,0.90,TWO_FINGERS,1.00
2026-04-23 19:45:30,TWO_FINGERS,0.90,TWO_FINGERS,1.00
2026-04-23 19:45:30,TWO_FINGERS,0.90,TWO_FINGERS,1.00
2026-04-23 19:45:30,TWO_FINGERS,0.90,TWO_FINGERS,1.00
2026-04-23 19:45:30,TWO_FINGERS,0.90,TWO_FINGERS,1.00
2026-04-23 19:45:30,TWO_FINGERS,0.90,TWO_FINGERS,1.00
2026-04-23 19:45:30,TWO_FINGERS,0.90,TWO_FINGERS,1.00
2026-04-23 19:45:30,TWO_FINGERS,0.90,TWO_FINGERS,1.00
2026-04-23 19:45:31,TWO_FINGERS,0.90,TWO_FINGERS,1.00
2026-04-23 19:45:31,UNKNOWN,0.40,TWO_FINGERS,0.90
2026-04-23 19:45:31,UNKNOWN,0.40,TWO_FINGERS,0.80
2026-04-23 19:45:31,TWO_FINGERS,0.90,TWO_FINGERS,0.80
2026-04-23 19:45:31,TWO_FINGERS,0.90,TWO_FINGERS,0.80
2026-04-23 19:45:31,TWO_FINGERS,0.90,TWO_FINGERS,0.80
2026-04-23 19:45:31,TWO_FINGERS,0.90,TWO_FINGERS,0.80
2026-04-23 19:45:31,TWO_FINGERS,0.90,TWO_FINGERS,0.80
2026-04-23 19:45:31,TWO_FINGERS,0.90,TWO_FINGERS,0.80
2026-04-23 19:45:31,TWO_FINGERS,0.90,TWO_FINGERS,0.80
2026-04-23 19:45:31,TWO_FINGERS,0.90,TWO_FINGERS,0.80
2026-04-23 19:45:31,TWO_FINGERS,0.90,TWO_FINGERS,0.90
2026-04-23 19:45:31,TWO_FINGERS,0.90,TWO_FINGERS,1.00
2026-04-23 19:45:31,TWO_FINGERS,0.90,TWO_FINGERS,1.00
2026-04-23 19:45:32,TWO_FINGERS,0.90,TWO_FINGERS,1.00
2026-04-23 19:45:32,UNKNOWN,0.40,TWO_FINGERS,0.90
2026-04-23 19:45:32,TWO_FINGERS,0.90,TWO_FINGERS,0.90
2026-04-23 19:45:32,TWO_FINGERS,0.90,TWO_FINGERS,0.90
2026-04-23 19:45:32,TWO_FINGERS,0.90,TWO_FINGERS,0.90
2026-04-23 19:45:32,TWO_FINGERS,0.90,TWO_FINGERS,0.90
2026-04-23 19:45:32,TWO_FINGERS,0.90,TWO_FINGERS,0.90
2026-04-23 19:45:32,TWO_FINGERS,0.90,TWO_FINGERS,0.90
2026-04-23 19:45:32,TWO_FINGERS,0.90,TWO_FINGERS,0.90
2026-04-23 19:45:32,TWO_FINGERS,0.90,TWO_FINGERS,0.90
2026-04-23 19:45:32,TWO_FINGERS,0.90,TWO_FINGERS,0.90
2026-04-23 19:45:33,TWO_FINGERS,0.90,TWO_FINGERS,1.00
2026-04-23 19:45:33,TWO_FINGERS,0.90,TWO_FINGERS,1.00
2026-04-23 19:45:33,TWO_FINGERS,0.90,TWO_FINGERS,1.00
2026-04-23 19:45:33,TWO_FINGERS,0.90,TWO_FINGERS,1.00
2026-04-23 19:45:33,TWO_FINGERS,0.90,TWO_FINGERS,1.00
2026-04-23 19:45:33,TWO_FINGERS,0.90,TWO_FINGERS,1.00
2026-04-23 19:45:33,TWO_FINGERS,0.90,TWO_FINGERS,1.00
2026-04-23 19:45:33,TWO_FINGERS,0.90,TWO_FINGERS,1.00
2026-04-23 19:45:33,UNKNOWN,0.40,TWO_FINGERS,0.90
2026-04-23 19:45:33,TWO_FINGERS,0.90,TWO_FINGERS,0.90
2026-04-23 19:45:34,TWO_FINGERS,0.90,TWO_FINGERS,0.90
2026-04-23 19:45:34,TWO_FINGERS,0.90,TWO_FINGERS,0.90
2026-04-23 19:45:34,TWO_FINGERS,0.90,TWO_FINGERS,0.90
2026-04-23 19:45:34,TWO_FINGERS,0.90,TWO_FINGERS,0.90
2026-04-23 19:45:34,TWO_FINGERS,0.90,TWO_FINGERS,0.90
2026-04-23 19:45:34,TWO_FINGERS,0.90,TWO_FINGERS,0.90
2026-04-23 19:45:34,TWO_FINGERS,0.90,TWO_FINGERS,0.90
2026-04-23 19:45:34,UNKNOWN,0.40,TWO_FINGERS,0.80
2026-04-23 19:45:35,TWO_FINGERS,0.90,TWO_FINGERS,0.90
2026-04-23 19:45:35,TWO_FINGERS,0.90,TWO_FINGERS,0.90
2026-04-23 19:45:35,TWO_FINGERS,0.90,TWO_FINGERS,0.90
2026-04-23 19:45:35,TWO_FINGERS,0.90,TWO_FINGERS,0.90
2026-04-23 19:45:35,TWO_FINGERS,0.90,TWO_FINGERS,0.90
2026-04-23 19:45:35,TWO_FINGERS,0.90,TWO_FINGERS,0.90
2026-04-23 19:45:35,TWO_FINGERS,0.90,TWO_FINGERS,0.90
2026-04-23 19:45:35,TWO_FINGERS,0.90,TWO_FINGERS,0.90
2026-04-23 19:45:35,TWO_FINGERS,0.90,TWO_FINGERS,0.90
2026-04-23 19:45:35,TWO_FINGERS,0.90,TWO_FINGERS,1.00
2026-04-23 19:45:35,TWO_FINGERS,0.90,TWO_FINGERS,1.00
2026-04-23 19:45:35,TWO_FINGERS,0.90,TWO_FINGERS,1.00
2026-04-23 19:45:35,TWO_FINGERS,0.90,TWO_FINGERS,1.00
2026-04-23 19:45:36,TWO_FINGERS,0.90,TWO_FINGERS,1.00
2026-04-23 19:45:36,TWO_FINGERS,0.90,TWO_FINGERS,1.00
2026-04-23 19:45:36,TWO_FINGERS,0.90,TWO_FINGERS,1.00
2026-04-23 19:45:36,TWO_FINGERS,0.90,TWO_FINGERS,1.00
2026-04-23 19:45:36,UNKNOWN,0.40,TWO_FINGERS,0.90
2026-04-23 19:45:36,UNKNOWN,0.40,TWO_FINGERS,0.80
2026-04-23 19:45:36,TWO_FINGERS,0.90,TWO_FINGERS,0.80
2026-04-23 19:45:36,TWO_FINGERS,0.90,TWO_FINGERS,0.80
2026-04-23 19:45:36,TWO_FINGERS,0.90,TWO_FINGERS,0.80
2026-04-23 19:45:36,TWO_FINGERS,0.90,TWO_FINGERS,0.80
2026-04-23 19:45:36,TWO_FINGERS,0.90,TWO_FINGERS,0.80
2026-04-23 19:45:36,TWO_FINGERS,0.90,TWO_FINGERS,0.80
2026-04-23 19:45:37,TWO_FINGERS,0.90,TWO_FINGERS,0.80
2026-04-23 19:45:37,TWO_FINGERS,0.90,TWO_FINGERS,0.80
2026-04-23 19:45:37,TWO_FINGERS,0.90,TWO_FINGERS,0.90
2026-04-23 19:45:37,TWO_FINGERS,0.90,TWO_FINGERS,1.00
2026-04-23 19:45:37,TWO_FINGERS,0.90,TWO_FINGERS,1.00
2026-04-23 19:45:37,TWO_FINGERS,0.90,TWO_FINGERS,1.00
2026-04-23 19:45:37,TWO_FINGERS,0.90,TWO_FINGERS,1.00
2026-04-23 19:45:37,TWO_FINGERS,0.90,TWO_FINGERS,1.00
2026-04-23 19:45:37,TWO_FINGERS,0.90,TWO_FINGERS,1.00
2026-04-23 19:45:37,UNKNOWN,0.40,TWO_FINGERS,0.90
2026-04-23 19:45:37,TWO_FINGERS,0.90,TWO_FINGERS,0.90
2026-04-23 19:45:38,TWO_FINGERS,0.90,TWO_FINGERS,0.90
2026-04-23 19:45:38,TWO_FINGERS,0.90,TWO_FINGERS,0.90
2026-04-23 19:45:38,TWO_FINGERS,0.90,TWO_FINGERS,0.90
2026-04-23 19:45:38,TWO_FINGERS,0.90,TWO_FINGERS,0.90
2026-04-23 19:45:38,TWO_FINGERS,0.90,TWO_FINGERS,0.90
2026-04-23 19:45:38,UNKNOWN,0.40,TWO_FINGERS,0.80
2026-04-23 19:45:38,TWO_FINGERS,0.90,TWO_FINGERS,0.80
2026-04-23 19:45:38,TWO_FINGERS,0.90,TWO_FINGERS,0.80
2026-04-23 19:45:38,TWO_FINGERS,0.90,TWO_FINGERS,0.90
2026-04-23 19:45:39,TWO_FINGERS,0.90,TWO_FINGERS,0.90
2026-04-23 19:45:39,TWO_FINGERS,0.90,TWO_FINGERS,0.90
2026-04-23 19:45:39,TWO_FINGERS,0.90,TWO_FINGERS,0.90
2026-04-23 19:45:39,TWO_FINGERS,0.90,TWO_FINGERS,0.90
2026-04-23 19:45:39,TWO_FINGERS,0.90,TWO_FINGERS,0.90
2026-04-23 19:45:39,TWO_FINGERS,0.90,TWO_FINGERS,0.90
2026-04-23 19:45:39,TWO_FINGERS,0.90,TWO_FINGERS,1.00
2026-04-23 19:45:39,TWO_FINGERS,0.90,TWO_FINGERS,1.00
2026-04-23 19:45:39,TWO_FINGERS,0.90,TWO_FINGERS,1.00
2026-04-23 19:45:39,TWO_FINGERS,0.90,TWO_FINGERS,1.00
2026-04-23 19:45:40,TWO_FINGERS,0.90,TWO_FINGERS,1.00
2026-04-23 19:45:40,TWO_FINGERS,0.90,TWO_FINGERS,1.00
2026-04-23 19:45:40,TWO_FINGERS,0.90,TWO_FINGERS,1.00
2026-04-23 19:45:40,TWO_FINGERS,0.90,TWO_FINGERS,1.00
2026-04-23 19:45:40,TWO_FINGERS,0.90,TWO_FINGERS,1.00
2026-04-23 19:45:40,TWO_FINGERS,0.90,TWO_FINGERS,1.00
2026-04-23 19:45:40,TWO_FINGERS,0.90,TWO_FINGERS,1.00
2026-04-23 19:45:40,TWO_FINGERS,0.90,TWO_FINGERS,1.00
2026-04-23 19:45:40,TWO_FINGERS,0.90,TWO_FINGERS,1.00
2026-04-23 19:45:40,UNKNOWN,0.40,TWO_FINGERS,0.90
2026-04-23 19:45:40,TWO_FINGERS,0.90,TWO_FINGERS,0.90
2026-04-23 19:45:40,TWO_FINGERS,0.90,TWO_FINGERS,0.90
2026-04-23 19:45:40,TWO_FINGERS,0.90,TWO_FINGERS,0.90
2026-04-23 19:45:40,UNKNOWN,0.40,TWO_FINGERS,0.80
2026-04-23 19:45:40,UNKNOWN,0.40,TWO_FINGERS,0.70
2026-04-23 19:45:41,UNKNOWN,0.40,TWO_FINGERS,0.60
2026-04-23 19:45:41,TWO_FINGERS,0.90,TWO_FINGERS,0.60
2026-04-23 19:45:41,TWO_FINGERS,0.90,TWO_FINGERS,0.60
2026-04-23 19:45:41,TWO_FINGERS,0.90,TWO_FINGERS,0.60
2026-04-23 19:45:41,TWO_FINGERS,0.90,TWO_FINGERS,0.70
2026-04-23 19:45:41,TWO_FINGERS,0.90,TWO_FINGERS,0.70
2026-04-23 19:45:41,TWO_FINGERS,0.90,TWO_FINGERS,0.70
2026-04-23 19:45:41,TWO_FINGERS,0.90,TWO_FINGERS,0.70
2026-04-23 19:45:41,TWO_FINGERS,0.90,TWO_FINGERS,0.80
2026-04-23 19:45:41,TWO_FINGERS,0.90,TWO_FINGERS,0.90
2026-04-23 19:45:41,TWO_FINGERS,0.90,TWO_FINGERS,1.00
2026-04-23 19:45:42,TWO_FINGERS,0.90,TWO_FINGERS,1.00
2026-04-23 19:45:42,TWO_FINGERS,0.90,TWO_FINGERS,1.00
2026-04-23 19:45:42,TWO_FINGERS,0.90,TWO_FINGERS,1.00
2026-04-23 19:45:42,TWO_FINGERS,0.90,TWO_FINGERS,1.00
2026-04-23 19:45:42,TWO_FINGERS,0.90,TWO_FINGERS,1.00
2026-04-23 19:45:42,TWO_FINGERS,0.90,TWO_FINGERS,1.00
2026-04-23 19:45:42,TWO_FINGERS,0.90,TWO_FINGERS,1.00
2026-04-23 19:45:42,TWO_FINGERS,0.90,TWO_FINGERS,1.00
2026-04-23 19:45:42,TWO_FINGERS,0.90,TWO_FINGERS,1.00
2026-04-23 19:45:42,TWO_FINGERS,0.90,TWO_FINGERS,1.00
2026-04-23 19:45:43,TWO_FINGERS,0.90,TWO_FINGERS,1.00
2026-04-23 19:45:43,TWO_FINGERS,0.90,TWO_FINGERS,1.00
2026-04-23 19:45:43,POINT,0.85,TWO_FINGERS,0.90
2026-04-23 19:45:43,UNKNOWN,0.40,TWO_FINGERS,0.80
2026-04-23 19:45:43,UNKNOWN,0.40,TWO_FINGERS,0.70
2026-04-23 19:45:43,UNKNOWN,0.40,TWO_FINGERS,0.60
2026-04-23 19:45:43,UNKNOWN,0.40,UNSTABLE,0.50
2026-04-23 19:45:43,UNKNOWN,0.40,UNSTABLE,0.50
2026-04-23 19:45:43,UNKNOWN,0.40,UNSTABLE,0.60
2026-04-23 19:45:43,UNKNOWN,0.40,UNSTABLE,0.70
2026-04-23 19:45:43,UNKNOWN,0.40,UNSTABLE,0.80
2026-04-23 19:45:43,UNKNOWN,0.40,UNSTABLE,0.90
2026-04-23 19:45:44,UNKNOWN,0.40,UNSTABLE,1.00
2026-04-23 19:45:44,OPEN_PALM,0.95,UNSTABLE,0.90
2026-04-23 19:45:44,OPEN_PALM,0.95,UNSTABLE,0.80
2026-04-23 19:45:44,OPEN_PALM,0.95,UNSTABLE,0.70
2026-04-23 19:45:44,OPEN_PALM,0.95,UNSTABLE,0.60
2026-04-23 19:45:44,OPEN_PALM,0.95,UNSTABLE,0.50
2026-04-23 19:45:44,OPEN_PALM,0.95,OPEN_PALM,0.60
2026-04-23 19:45:44,OPEN_PALM,0.95,OPEN_PALM,0.70
2026-04-23 19:45:44,OPEN_PALM,0.95,OPEN_PALM,0.80
2026-04-23 19:45:44,OPEN_PALM,0.95,OPEN_PALM,0.90
2026-04-23 19:45:44,OPEN_PALM,0.95,OPEN_PALM,1.00
2026-04-23 19:45:45,OPEN_PALM,0.95,OPEN_PALM,1.00
2026-04-23 19:45:45,OPEN_PALM,0.95,OPEN_PALM,1.00
2026-04-23 19:45:45,OPEN_PALM,0.95,OPEN_PALM,1.00
2026-04-23 19:45:45,OPEN_PALM,0.95,OPEN_PALM,1.00
2026-04-23 19:45:45,OPEN_PALM,0.95,OPEN_PALM,1.00
2026-04-23 19:45:45,OPEN_PALM,0.95,OPEN_PALM,1.00
2026-04-23 19:45:45,OPEN_PALM,0.95,OPEN_PALM,1.00
2026-04-23 19:45:45,OPEN_PALM,0.95,OPEN_PALM,1.00
2026-04-23 19:45:45,OPEN_PALM,0.95,OPEN_PALM,1.00
2026-04-23 19:45:45,OPEN_PALM,0.95,OPEN_PALM,1.00
2026-04-23 19:45:45,OPEN_PALM,0.95,OPEN_PALM,1.00
2026-04-23 19:45:46,OPEN_PALM,0.95,OPEN_PALM,1.00
2026-04-23 19:45:46,OPEN_PALM,0.95,OPEN_PALM,1.00
2026-04-23 19:45:46,OPEN_PALM,0.95,OPEN_PALM,1.00
2026-04-23 19:45:46,OPEN_PALM,0.95,OPEN_PALM,1.00
2026-04-23 19:45:46,OPEN_PALM,0.95,OPEN_PALM,1.00
2026-04-23 19:45:46,OPEN_PALM,0.95,OPEN_PALM,1.00
2026-04-23 19:45:46,OPEN_PALM,0.95,OPEN_PALM,1.00
2026-04-23 19:45:46,OPEN_PALM,0.95,OPEN_PALM,1.00
2026-04-23 19:45:46,OPEN_PALM,0.95,OPEN_PALM,1.00
2026-04-23 19:45:46,OPEN_PALM,0.95,OPEN_PALM,1.00
2026-04-23 19:45:46,OPEN_PALM,0.95,OPEN_PALM,1.00
2026-04-23 19:45:47,OPEN_PALM,0.95,OPEN_PALM,1.00
2026-04-23 19:45:47,OPEN_PALM,0.95,OPEN_PALM,1.00
2026-04-23 19:45:47,OPEN_PALM,0.95,OPEN_PALM,1.00
2026-04-23 19:45:47,OPEN_PALM,0.95,OPEN_PALM,1.00
2026-04-23 19:45:47,OPEN_PALM,0.95,OPEN_PALM,1.00
2026-04-23 19:45:47,OPEN_PALM,0.95,OPEN_PALM,1.00
2026-04-23 19:45:47,OPEN_PALM,0.95,OPEN_PALM,1.00
2026-04-23 19:45:47,OPEN_PALM,0.95,OPEN_PALM,1.00
2026-04-23 19:45:47,OPEN_PALM,0.95,OPEN_PALM,1.00
2026-04-23 19:45:47,OPEN_PALM,0.95,OPEN_PALM,1.00
2026-04-23 19:45:47,OPEN_PALM,0.95,OPEN_PALM,1.00
2026-04-23 19:45:48,OPEN_PALM,0.95,OPEN_PALM,1.00
2026-04-23 19:45:48,OPEN_PALM,0.95,OPEN_PALM,1.00
2026-04-23 19:45:48,OPEN_PALM,0.95,OPEN_PALM,1.00
2026-04-23 19:45:48,OPEN_PALM,0.95,OPEN_PALM,1.00
2026-04-23 19:45:48,OPEN_PALM,0.95,OPEN_PALM,1.00
2026-04-23 19:45:48,OPEN_PALM,0.95,OPEN_PALM,1.00
2026-04-23 19:45:48,OPEN_PALM,0.95,OPEN_PALM,1.00
2026-04-23 19:45:48,OPEN_PALM,0.95,OPEN_PALM,1.00
2026-04-23 19:45:48,OPEN_PALM,0.95,OPEN_PALM,1.00
2026-04-23 19:45:48,OPEN_PALM,0.95,OPEN_PALM,1.00
2026-04-23 19:45:48,OPEN_PALM,0.95,OPEN_PALM,1.00
2026-04-23 19:45:49,OPEN_PALM,0.95,OPEN_PALM,1.00
2026-04-23 19:45:49,OPEN_PALM,0.95,OPEN_PALM,1.00
2026-04-23 19:45:49,OPEN_PALM,0.95,OPEN_PALM,1.00
2026-04-23 19:45:49,OPEN_PALM,0.95,OPEN_PALM,1.00
2026-04-23 19:45:49,OPEN_PALM,0.95,OPEN_PALM,1.00
2026-04-23 19:45:49,OPEN_PALM,0.95,OPEN_PALM,1.00
2026-04-23 19:45:49,OPEN_PALM,0.95,OPEN_PALM,1.00
2026-04-23 19:45:49,OPEN_PALM,0.95,OPEN_PALM,1.00
2026-04-23 19:45:49,OPEN_PALM,0.95,OPEN_PALM,1.00
2026-04-23 19:45:49,OPEN_PALM,0.95,OPEN_PALM,1.00
2026-04-23 19:45:49,OPEN_PALM,0.95,OPEN_PALM,1.00
2026-04-23 19:45:50,OPEN_PALM,0.95,OPEN_PALM,1.00
2026-04-23 19:45:50,OPEN_PALM,0.95,OPEN_PALM,1.00
2026-04-23 19:45:50,OPEN_PALM,0.95,OPEN_PALM,1.00
2026-04-23 19:45:50,OPEN_PALM,0.95,OPEN_PALM,1.00
2026-04-23 19:45:50,OPEN_PALM,0.95,OPEN_PALM,1.00
2026-04-23 19:45:50,OPEN_PALM,0.95,OPEN_PALM,1.00
2026-04-23 19:45:50,OPEN_PALM,0.95,OPEN_PALM,1.00
2026-04-23 19:45:50,OPEN_PALM,0.95,OPEN_PALM,1.00
2026-04-23 19:45:50,OPEN_PALM,0.95,OPEN_PALM,1.00
2026-04-23 19:45:50,OPEN_PALM,0.95,OPEN_PALM,1.00
2026-04-23 19:45:50,OPEN_PALM,0.95,OPEN_PALM,1.00
2026-04-23 19:45:50,OPEN_PALM,0.95,OPEN_PALM,1.00
2026-04-23 19:45:51,OPEN_PALM,0.95,OPEN_PALM,1.00
2026-04-23 19:45:51,OPEN_PALM,0.95,OPEN_PALM,1.00
2026-04-23 19:45:51,OPEN_PALM,0.95,OPEN_PALM,1.00
2026-04-23 19:45:51,OPEN_PALM,0.95,OPEN_PALM,1.00
2026-04-23 19:45:51,OPEN_PALM,0.95,OPEN_PALM,1.00
2026-04-23 19:45:51,OPEN_PALM,0.95,OPEN_PALM,1.00
2026-04-23 19:45:51,OPEN_PALM,0.95,OPEN_PALM,1.00
2026-04-23 19:45:51,OPEN_PALM,0.95,OPEN_PALM,1.00
2026-04-23 19:45:51,OPEN_PALM,0.95,OPEN_PALM,1.00
2026-04-23 19:45:51,OPEN_PALM,0.95,OPEN_PALM,1.00
2026-04-23 19:45:51,OPEN_PALM,0.95,OPEN_PALM,1.00
2026-04-23 19:45:52,OPEN_PALM,0.95,OPEN_PALM,1.00
2026-04-23 19:45:52,OPEN_PALM,0.95,OPEN_PALM,1.00
2026-04-23 19:45:52,OPEN_PALM,0.95,OPEN_PALM,1.00
2026-04-23 19:45:52,OPEN_PALM,0.95,OPEN_PALM,1.00
2026-04-23 19:45:52,POINT,0.85,OPEN_PALM,0.90
2026-04-23 19:45:52,POINT,0.85,OPEN_PALM,0.80
2026-04-23 19:45:52,POINT,0.85,OPEN_PALM,0.70
2026-04-23 19:45:52,POINT,0.85,OPEN_PALM,0.60
2026-04-23 19:45:52,POINT,0.85,UNSTABLE,0.50
2026-04-23 19:45:53,POINT,0.85,POINT,0.60
2026-04-23 19:45:53,POINT,0.85,POINT,0.70
2026-04-23 19:45:53,POINT,0.85,POINT,0.80
2026-04-23 19:45:53,POINT,0.85,POINT,0.90
2026-04-23 19:45:53,POINT,0.85,POINT,1.00
2026-04-23 19:45:53,POINT,0.85,POINT,1.00
2026-04-23 19:45:53,POINT,0.85,POINT,1.00
2026-04-23 19:45:53,POINT,0.85,POINT,1.00
2026-04-23 19:45:53,POINT,0.85,POINT,1.00
2026-04-23 19:45:53,POINT,0.85,POINT,1.00
2026-04-23 19:45:53,POINT,0.85,POINT,1.00
2026-04-23 19:45:54,POINT,0.85,POINT,1.00
2026-04-23 19:45:54,POINT,0.85,POINT,1.00
2026-04-23 19:45:54,POINT,0.85,POINT,1.00
2026-04-23 19:45:54,POINT,0.85,POINT,1.00
2026-04-23 19:45:54,POINT,0.85,POINT,1.00
2026-04-23 19:45:54,POINT,0.85,POINT,1.00
2026-04-23 19:45:54,POINT,0.85,POINT,1.00
2026-04-23 19:45:54,POINT,0.85,POINT,1.00
2026-04-23 19:45:54,POINT,0.85,POINT,1.00
2026-04-23 19:45:54,POINT,0.85,POINT,1.00
2026-04-23 19:45:54,POINT,0.85,POINT,1.00
2026-04-23 19:45:54,POINT,0.85,POINT,1.00
2026-04-23 19:45:55,POINT,0.85,POINT,1.00
2026-04-23 19:45:55,POINT,0.85,POINT,1.00
2026-04-23 19:45:55,POINT,0.85,POINT,1.00
2026-04-23 19:45:55,POINT,0.85,POINT,1.00
2026-04-23 19:45:55,POINT,0.85,POINT,1.00
2026-04-23 19:45:55,POINT,0.85,POINT,1.00
2026-04-23 19:45:55,POINT,0.85,POINT,1.00
2026-04-23 19:45:55,POINT,0.85,POINT,1.00
2026-04-23 19:45:55,POINT,0.85,POINT,1.00
2026-04-23 19:45:55,POINT,0.85,POINT,1.00
2026-04-23 19:45:55,POINT,0.85,POINT,1.00
2026-04-23 19:45:55,POINT,0.85,POINT,1.00
2026-04-23 19:45:56,POINT,0.85,POINT,1.00
2026-04-23 19:45:56,POINT,0.85,POINT,1.00
2026-04-23 19:45:56,POINT,0.85,POINT,1.00
2026-04-23 19:45:56,POINT,0.85,POINT,1.00
2026-04-23 19:45:56,POINT,0.85,POINT,1.00
2026-04-23 19:45:56,POINT,0.85,POINT,1.00
2026-04-23 19:45:56,POINT,0.85,POINT,1.00
2026-04-23 19:45:56,POINT,0.85,POINT,1.00
2026-04-23 19:45:56,POINT,0.85,POINT,1.00
2026-04-23 19:45:56,POINT,0.85,POINT,1.00
2026-04-23 19:45:57,POINT,0.85,POINT,1.00
2026-04-23 19:45:57,POINT,0.85,POINT,1.00
2026-04-23 19:45:57,POINT,0.85,POINT,1.00
2026-04-23 19:45:57,POINT,0.85,POINT,1.00
2026-04-23 19:45:57,POINT,0.85,POINT,1.00
2026-04-23 19:45:57,POINT,0.85,POINT,1.00
2026-04-23 19:45:57,POINT,0.85,POINT,1.00
2026-04-23 19:45:57,POINT,0.85,POINT,1.00
2026-04-23 19:45:57,POINT,0.85,POINT,1.00
2026-04-23 19:45:58,POINT,0.85,POINT,1.00
2026-04-23 19:45:58,POINT,0.85,POINT,1.00
2026-04-23 19:45:58,POINT,0.85,POINT,1.00
2026-04-23 19:45:58,POINT,0.85,POINT,1.00
2026-04-23 19:45:58,POINT,0.85,POINT,1.00
2026-04-23 19:45:58,POINT,0.85,POINT,1.00
2026-04-23 19:45:58,POINT,0.85,POINT,1.00
2026-04-23 19:45:58,POINT,0.85,POINT,1.00
2026-04-23 19:45:58,POINT,0.85,POINT,1.00
2026-04-23 19:45:58,POINT,0.85,POINT,1.00
2026-04-23 19:45:58,POINT,0.85,POINT,1.00
2026-04-23 19:45:58,POINT,0.85,POINT,1.00
2026-04-23 19:45:58,POINT,0.85,POINT,1.00
2026-04-23 19:45:59,POINT,0.85,POINT,1.00
2026-04-23 19:45:59,POINT,0.85,POINT,1.00
2026-04-23 19:45:59,POINT,0.85,POINT,1.00
2026-04-23 19:45:59,POINT,0.85,POINT,1.00
2026-04-23 19:45:59,POINT,0.85,POINT,1.00
2026-04-23 19:45:59,POINT,0.85,POINT,1.00
2026-04-23 19:45:59,POINT,0.85,POINT,1.00
2026-04-23 19:45:59,POINT,0.85,POINT,1.00
2026-04-23 19:45:59,POINT,0.85,POINT,1.00
2026-04-23 19:45:59,POINT,0.85,POINT,1.00
2026-04-23 19:45:59,POINT,0.85,POINT,1.00
2026-04-23 19:45:59,POINT,0.85,POINT,1.00
2026-04-23 19:46:00,POINT,0.85,POINT,1.00
2026-04-23 19:46:00,POINT,0.85,POINT,1.00
2026-04-23 19:46:00,POINT,0.85,POINT,1.00
2026-04-23 19:46:01,POINT,0.85,POINT,1.00
2026-04-23 19:46:01,POINT,0.85,POINT,1.00
2026-04-23 19:46:01,POINT,0.85,POINT,1.00
2026-04-23 19:46:01,POINT,0.85,POINT,1.00
2026-04-23 19:46:01,POINT,0.85,POINT,1.00
2026-04-23 19:46:01,POINT,0.85,POINT,1.00
2026-04-23 19:46:01,POINT,0.85,POINT,1.00
2026-04-23 19:46:01,POINT,0.85,POINT,1.00
2026-04-23 19:46:01,POINT,0.85,POINT,1.00
2026-04-23 19:46:01,UNKNOWN,0.40,POINT,0.90
2026-04-23 19:46:01,UNKNOWN,0.40,POINT,0.80
2026-04-23 19:46:02,UNKNOWN,0.40,POINT,0.70
2026-04-23 19:46:02,UNKNOWN,0.40,POINT,0.60
2026-04-23 19:46:02,UNKNOWN,0.40,UNSTABLE,0.50
2026-04-23 19:46:02,UNKNOWN,0.40,UNSTABLE,0.60
2026-04-23 19:46:02,UNKNOWN,0.40,UNSTABLE,0.70
2026-04-23 19:46:02,UNKNOWN,0.40,UNSTABLE,0.80
2026-04-23 19:46:02,UNKNOWN,0.40,UNSTABLE,0.90
2026-04-23 19:46:02,UNKNOWN,0.40,UNSTABLE,1.00
2026-04-23 19:46:02,UNKNOWN,0.40,UNSTABLE,1.00
2026-04-23 19:46:02,UNKNOWN,0.40,UNSTABLE,1.00
2026-04-23 19:46:02,UNKNOWN,0.40,UNSTABLE,1.00
2026-04-23 19:46:02,UNKNOWN,0.40,UNSTABLE,1.00
2026-04-23 19:46:02,UNKNOWN,0.40,UNSTABLE,1.00
2026-04-23 19:46:03,UNKNOWN,0.40,UNSTABLE,1.00
2026-04-23 19:46:03,UNKNOWN,0.40,UNSTABLE,1.00
2026-04-23 19:46:03,UNKNOWN,0.40,UNSTABLE,1.00
2026-04-23 19:46:03,UNKNOWN,0.40,UNSTABLE,1.00
2026-04-23 19:46:03,UNKNOWN,0.40,UNSTABLE,1.00
2026-04-23 19:46:03,UNKNOWN,0.40,UNSTABLE,1.00
2026-04-23 19:46:03,UNKNOWN,0.40,UNSTABLE,1.00
2026-04-23 19:46:03,UNKNOWN,0.40,UNSTABLE,1.00
2026-04-23 19:46:03,UNKNOWN,0.40,UNSTABLE,1.00
2026-04-23 19:46:03,UNKNOWN,0.40,UNSTABLE,1.00
2026-04-23 19:46:03,UNKNOWN,0.40,UNSTABLE,1.00
2026-04-23 19:46:04,UNKNOWN,0.40,UNSTABLE,1.00
2026-04-23 19:46:04,UNKNOWN,0.40,UNSTABLE,1.00
2026-04-23 19:46:04,UNKNOWN,0.40,UNSTABLE,1.00
2026-04-23 19:46:04,UNKNOWN,0.40,UNSTABLE,1.00
2026-04-23 19:46:04,UNKNOWN,0.40,UNSTABLE,1.00
2026-04-23 19:46:04,UNKNOWN,0.40,UNSTABLE,1.00
2026-04-23 19:46:04,UNKNOWN,0.40,UNSTABLE,1.00
2026-04-23 19:46:04,UNKNOWN,0.40,UNSTABLE,1.00
2026-04-23 19:46:04,UNKNOWN,0.40,UNSTABLE,1.00
2026-04-23 19:46:04,UNKNOWN,0.40,UNSTABLE,1.00
2026-04-23 19:46:04,UNKNOWN,0.40,UNSTABLE,1.00
2026-04-23 19:46:05,UNKNOWN,0.40,UNSTABLE,1.00
2026-04-23 19:46:05,UNKNOWN,0.40,UNSTABLE,1.00
2026-04-23 19:46:05,UNKNOWN,0.40,UNSTABLE,1.00
2026-04-23 19:46:05,UNKNOWN,0.40,UNSTABLE,1.00
2026-04-23 19:46:05,UNKNOWN,0.40,UNSTABLE,1.00
2026-04-23 19:46:05,UNKNOWN,0.40,UNSTABLE,1.00
2026-04-23 19:46:05,UNKNOWN,0.40,UNSTABLE,1.00
2026-04-23 19:46:05,UNKNOWN,0.40,UNSTABLE,1.00
2026-04-23 19:46:05,UNKNOWN,0.40,UNSTABLE,1.00
2026-04-23 19:46:05,UNKNOWN,0.40,UNSTABLE,1.00
2026-04-23 19:46:05,UNKNOWN,0.40,UNSTABLE,1.00
2026-04-23 19:46:06,UNKNOWN,0.40,UNSTABLE,1.00
2026-04-23 19:46:06,UNKNOWN,0.40,UNSTABLE,1.00
2026-04-23 19:46:06,UNKNOWN,0.40,UNSTABLE,1.00
2026-04-23 19:46:06,UNKNOWN,0.40,UNSTABLE,1.00
2026-04-23 19:46:06,UNKNOWN,0.40,UNSTABLE,1.00
2026-04-23 19:46:06,UNKNOWN,0.40,UNSTABLE,1.00
2026-04-23 19:46:06,FIST,0.95,UNSTABLE,0.90
2026-04-23 19:46:06,FIST,0.95,UNSTABLE,0.80
2026-04-23 19:46:06,FIST,0.95,UNSTABLE,0.70
2026-04-23 19:46:06,FIST,0.95,UNSTABLE,0.60
2026-04-23 19:46:06,FIST,0.95,UNSTABLE,0.50
2026-04-23 19:46:07,FIST,0.95,FIST,0.60
2026-04-23 19:46:07,FIST,0.95,FIST,0.70
2026-04-23 19:46:07,FIST,0.95,FIST,0.80
2026-04-23 19:46:07,FIST,0.95,FIST,0.90
2026-04-23 19:46:07,FIST,0.95,FIST,1.00
2026-04-23 19:46:07,FIST,0.95,FIST,1.00
2026-04-23 19:46:07,FIST,0.95,FIST,1.00
2026-04-23 19:46:07,FIST,0.95,FIST,1.00
2026-04-23 19:46:07,FIST,0.95,FIST,1.00
2026-04-23 19:46:07,FIST,0.95,FIST,1.00
2026-04-23 19:46:07,FIST,0.95,FIST,1.00
2026-04-23 19:46:08,FIST,0.95,FIST,1.00
2026-04-23 19:46:08,FIST,0.95,FIST,1.00
2026-04-23 19:46:08,FIST,0.95,FIST,1.00
2026-04-23 19:46:08,FIST,0.95,FIST,1.00
2026-04-23 19:46:08,FIST,0.95,FIST,1.00
2026-04-23 19:46:08,FIST,0.95,FIST,1.00
2026-04-23 19:46:08,FIST,0.95,FIST,1.00
2026-04-23 19:46:08,FIST,0.95,FIST,1.00
2026-04-23 19:46:08,FIST,0.95,FIST,1.00
2026-04-23 19:46:08,FIST,0.95,FIST,1.00
2026-04-23 19:46:08,FIST,0.95,FIST,1.00
2026-04-23 19:46:09,FIST,0.95,FIST,1.00
2026-04-23 19:46:09,FIST,0.95,FIST,1.00
2026-04-23 19:46:09,FIST,0.95,FIST,1.00
2026-04-23 19:46:09,FIST,0.95,FIST,1.00
2026-04-23 19:46:09,FIST,0.95,FIST,1.00
2026-04-23 19:46:09,FIST,0.95,FIST,1.00
2026-04-23 19:46:09,FIST,0.95,FIST,1.00
2026-04-23 19:46:09,FIST,0.95,FIST,1.00
2026-04-23 19:46:09,FIST,0.95,FIST,1.00
2026-04-23 19:46:09,FIST,0.95,FIST,1.00
2026-04-23 19:46:09,FIST,0.95,FIST,1.00
2026-04-23 19:46:10,FIST,0.95,FIST,1.00
2026-04-23 19:46:10,FIST,0.95,FIST,1.00
2026-04-23 19:46:10,FIST,0.95,FIST,1.00
2026-04-23 19:46:10,FIST,0.95,FIST,1.00
2026-04-23 19:46:10,FIST,0.95,FIST,1.00
2026-04-23 19:46:10,FIST,0.95,FIST,1.00
2026-04-23 19:46:10,FIST,0.95,FIST,1.00
2026-04-23 19:46:10,FIST,0.95,FIST,1.00
2026-04-23 19:46:10,FIST,0.95,FIST,1.00
2026-04-23 19:46:10,FIST,0.95,FIST,1.00
2026-04-23 19:46:10,FIST,0.95,FIST,1.00
2026-04-23 19:46:10,FIST,0.95,FIST,1.00
2026-04-23 19:46:11,FIST,0.95,FIST,1.00
2026-04-23 19:46:11,FIST,0.95,FIST,1.00
2026-04-23 19:46:11,FIST,0.95,FIST,1.00
2026-04-23 19:46:11,FIST,0.95,FIST,1.00
2026-04-23 19:46:11,FIST,0.95,FIST,1.00
2026-04-23 19:46:11,FIST,0.95,FIST,1.00
2026-04-23 19:46:11,FIST,0.95,FIST,1.00
2026-04-23 19:46:11,FIST,0.95,FIST,1.00
2026-04-23 19:46:11,FIST,0.95,FIST,1.00
2026-04-23 19:46:11,FIST,0.95,FIST,1.00
2026-04-23 19:46:12,FIST,0.95,FIST,1.00
2026-04-23 19:46:12,FIST,0.95,FIST,1.00
2026-04-23 19:46:12,FIST,0.95,FIST,1.00
2026-04-23 19:46:12,FIST,0.95,FIST,1.00
2026-04-23 19:46:12,FIST,0.95,FIST,1.00
2026-04-23 19:46:12,FIST,0.95,FIST,1.00
2026-04-23 19:46:12,FIST,0.95,FIST,1.00
2026-04-23 19:46:12,FIST,0.95,FIST,1.00
2026-04-23 19:46:12,FIST,0.95,FIST,1.00
2026-04-23 19:46:12,FIST,0.95,FIST,1.00
2026-04-23 19:46:12,FIST,0.95,FIST,1.00
2026-04-23 19:46:12,FIST,0.95,FIST,1.00
2026-04-23 19:46:13,FIST,0.95,FIST,1.00
2026-04-23 19:46:13,FIST,0.95,FIST,1.00
2026-04-23 19:46:13,FIST,0.95,FIST,1.00
2026-04-23 19:46:13,FIST,0.95,FIST,1.00
2026-04-23 19:46:13,FIST,0.95,FIST,1.00
2026-04-23 19:46:13,FIST,0.95,FIST,1.00
2026-04-23 19:46:13,FIST,0.95,FIST,1.00
2026-04-23 19:46:13,FIST,0.95,FIST,1.00
2026-04-23 19:46:13,FIST,0.95,FIST,1.00
2026-04-23 19:46:13,FIST,0.95,FIST,1.00
2026-04-23 19:46:13,FIST,0.95,FIST,1.00
2026-04-23 19:46:14,FIST,0.95,FIST,1.00
2026-04-23 19:46:14,FIST,0.95,FIST,1.00
2026-04-23 19:46:14,FIST,0.95,FIST,1.00
2026-04-23 19:46:14,FIST,0.95,FIST,1.00
2026-04-23 19:46:14,FIST,0.95,FIST,1.00
2026-04-23 19:46:14,FIST,0.95,FIST,1.00
2026-04-23 19:46:14,FIST,0.95,FIST,1.00
2026-04-23 19:46:14,FIST,0.95,FIST,1.00
2026-04-23 19:46:14,FIST,0.95,FIST,1.00
2026-04-23 19:46:14,FIST,0.95,FIST,1.00
2026-04-23 19:46:14,FIST,0.95,FIST,1.00
2026-04-23 19:46:15,FIST,0.95,FIST,1.00
2026-04-23 19:46:15,FIST,0.95,FIST,1.00
2026-04-23 19:46:15,FIST,0.95,FIST,1.00
2026-04-23 19:46:15,FIST,0.95,FIST,1.00
2026-04-23 19:46:15,FIST,0.95,FIST,1.00
2026-04-23 19:46:15,FIST,0.95,FIST,1.00
2026-04-23 19:46:15,FIST,0.95,FIST,1.00
2026-04-23 19:46:15,FIST,0.95,FIST,1.00
2026-04-23 19:46:15,FIST,0.95,FIST,1.00
2026-04-23 19:46:15,FIST,0.95,FIST,1.00
2026-04-23 19:46:15,FIST,0.95,FIST,1.00
2026-04-23 19:46:16,FIST,0.95,FIST,1.00
2026-04-23 19:46:16,FIST,0.95,FIST,1.00
2026-04-23 19:46:16,FIST,0.95,FIST,1.00
2026-04-23 19:46:16,FIST,0.95,FIST,1.00
2026-04-23 19:46:16,FIST,0.95,FIST,1.00
2026-04-23 19:46:16,UNKNOWN,0.40,FIST,0.90
2026-04-23 19:46:16,FIST,0.95,FIST,0.90
2026-04-23 19:46:16,FIST,0.95,FIST,0.90
2026-04-23 19:46:16,FIST,0.95,FIST,0.90
2026-04-23 19:46:16,FIST,0.95,FIST,0.90
2026-04-23 19:46:16,FIST,0.95,FIST,0.90
2026-04-23 19:46:17,FIST,0.95,FIST,0.90
2026-04-23 19:46:17,FIST,0.95,FIST,0.90
2026-04-23 19:46:17,FIST,0.95,FIST,0.90
2026-04-23 19:46:17,FIST,0.95,FIST,0.90
2026-04-23 19:46:17,FIST,0.95,FIST,1.00
2026-04-23 19:46:17,FIST,0.95,FIST,1.00
2026-04-23 19:46:17,FIST,0.95,FIST,1.00
2026-04-23 19:46:17,FIST,0.95,FIST,1.00
2026-04-23 19:46:17,FIST,0.95,FIST,1.00
2026-04-23 19:46:17,FIST,0.95,FIST,1.00
2026-04-23 19:46:17,FIST,0.95,FIST,1.00
2026-04-23 19:46:18,FIST,0.95,FIST,1.00
2026-04-23 19:46:18,FIST,0.95,FIST,1.00
2026-04-23 19:46:18,FIST,0.95,FIST,1.00
2026-04-23 19:46:18,FIST,0.95,FIST,1.00
2026-04-23 19:46:18,FIST,0.95,FIST,1.00
2026-04-23 19:46:18,FIST,0.95,FIST,1.00
2026-04-23 19:46:18,FIST,0.95,FIST,1.00
2026-04-23 19:46:18,FIST,0.95,FIST,1.00
2026-04-23 19:46:18,UNKNOWN,0.40,FIST,0.90
2026-04-23 19:46:18,UNKNOWN,0.40,FIST,0.80
2026-04-23 19:46:18,UNKNOWN,0.40,FIST,0.70
2026-04-23 19:46:19,UNKNOWN,0.40,FIST,0.60
2026-04-23 19:46:19,FIST,0.95,FIST,0.60
2026-04-23 19:46:19,NONE,0.00,UNSTABLE,0.50
2026-04-23 19:46:19,NONE,0.00,UNSTABLE,0.40
2026-04-23 19:46:19,NONE,0.00,UNSTABLE,0.40
2026-04-23 19:46:19,NONE,0.00,UNSTABLE,0.40
2026-04-23 19:46:19,NONE,0.00,UNSTABLE,0.50
2026-04-23 19:46:19,NONE,0.00,NONE,0.60
2026-04-23 19:46:19,NONE,0.00,NONE,0.70
2026-04-23 19:46:19,NONE,0.00,NONE,0.80
2026-04-23 19:46:19,NONE,0.00,NONE,0.90
2026-04-23 19:46:20,NONE,0.00,NONE,1.00
2026-04-23 19:46:20,NONE,0.00,NONE,1.00
2026-04-23 19:46:20,NONE,0.00,NONE,1.00
2026-04-23 19:46:20,NONE,0.00,NONE,1.00
2026-04-23 19:46:20,NONE,0.00,NONE,1.00
2026-04-23 19:46:20,NONE,0.00,NONE,1.00
2026-04-23 19:46:20,NONE,0.00,NONE,1.00
2026-04-23 19:46:20,NONE,0.00,NONE,1.00
2026-04-23 19:46:20,NONE,0.00,NONE,1.00
2026-04-23 19:46:20,NONE,0.00,NONE,1.00
2026-04-23 19:46:20,NONE,0.00,NONE,1.00
2026-04-23 19:46:20,NONE,0.00,NONE,1.00
2026-04-23 19:46:21,NONE,0.00,NONE,1.00
2026-04-23 19:46:21,NONE,0.00,NONE,1.00
2026-04-23 19:46:21,NONE,0.00,NONE,1.00
2026-04-23 19:46:21,NONE,0.00,NONE,1.00
2026-04-23 19:46:21,NONE,0.00,NONE,1.00
2026-04-23 19:46:21,NONE,0.00,NONE,1.00
2026-04-23 19:46:21,NONE,0.00,NONE,1.00
2026-04-23 19:46:21,NONE,0.00,NONE,1.00
2026-04-23 19:46:21,NONE,0.00,NONE,1.00
2026-04-23 19:46:21,NONE,0.00,NONE,1.00
2026-04-23 19:46:21,NONE,0.00,NONE,1.00
2026-04-23 19:46:22,NONE,0.00,NONE,1.00
2026-04-23 19:46:22,NONE,0.00,NONE,1.00
2026-04-23 19:46:22,NONE,0.00,NONE,1.00
2026-04-23 19:46:22,NONE,0.00,NONE,1.00
2026-04-23 19:46:22,NONE,0.00,NONE,1.00
2026-04-23 19:46:22,NONE,0.00,NONE,1.00
2026-04-23 19:46:22,NONE,0.00,NONE,1.00
2026-04-23 19:46:22,NONE,0.00,NONE,1.00
2026-04-23 19:46:22,NONE,0.00,NONE,1.00
2026-04-23 19:46:22,NONE,0.00,NONE,1.00
2026-04-23 19:46:22,NONE,0.00,NONE,1.00
2026-04-23 19:46:23,NONE,0.00,NONE,1.00
2026-04-23 19:46:23,NONE,0.00,NONE,1.00
2026-04-23 19:46:23,NONE,0.00,NONE,1.00
2026-04-23 19:46:23,NONE,0.00,NONE,1.00
2026-04-23 19:46:23,NONE,0.00,NONE,1.00
2026-04-23 19:46:23,NONE,0.00,NONE,1.00
2026-04-23 19:46:23,NONE,0.00,NONE,1.00
2026-04-23 19:46:23,NONE,0.00,NONE,1.00
2026-04-23 19:46:23,NONE,0.00,NONE,1.00
2026-04-23 19:46:23,NONE,0.00,NONE,1.00
2026-04-23 19:46:23,NONE,0.00,NONE,1.00
2026-04-23 19:46:24,NONE,0.00,NONE,1.00
2026-04-23 19:46:24,NONE,0.00,NONE,1.00
2026-04-23 19:46:24,NONE,0.00,NONE,1.00
2026-04-23 19:46:24,NONE,0.00,NONE,1.00
2026-04-23 19:46:24,NONE,0.00,NONE,1.00
2026-04-23 19:46:24,NONE,0.00,NONE,1.00
2026-04-23 19:46:24,NONE,0.00,NONE,1.00
2026-04-23 19:46:24,NONE,0.00,NONE,1.00
2026-04-23 19:46:24,NONE,0.00,NONE,1.00
2026-04-23 19:46:24,NONE,0.00,NONE,1.00
2026-04-23 19:46:24,NONE,0.00,NONE,1.00
2026-04-23 19:46:25,NONE,0.00,NONE,1.00
2026-04-23 19:46:25,NONE,0.00,NONE,1.00
2026-04-23 19:46:25,NONE,0.00,NONE,1.00
2026-04-23 19:46:25,NONE,0.00,NONE,1.00
2026-04-23 19:46:25,NONE,0.00,NONE,1.00
2026-04-23 19:46:25,NONE,0.00,NONE,1.00
2026-04-23 19:46:25,NONE,0.00,NONE,1.00
2026-04-23 19:46:25,NONE,0.00,NONE,1.00
2026-04-23 19:46:25,NONE,0.00,NONE,1.00
2026-04-23 19:46:25,NONE,0.00,NONE,1.00
2026-04-23 19:46:25,NONE,0.00,NONE,1.00
2026-04-23 19:46:26,NONE,0.00,NONE,1.00
2026-04-23 19:46:26,NONE,0.00,NONE,1.00
2026-04-23 19:46:26,NONE,0.00,NONE,1.00
2026-04-23 19:46:26,NONE,0.00,NONE,1.00
2026-04-23 19:46:26,NONE,0.00,NONE,1.00
2026-04-23 19:46:26,NONE,0.00,NONE,1.00
2026-04-23 19:46:26,NONE,0.00,NONE,1.00
2026-04-23 19:46:26,NONE,0.00,NONE,1.00
2026-04-23 19:46:26,NONE,0.00,NONE,1.00
2026-04-23 19:46:26,NONE,0.00,NONE,1.00
2026-04-23 19:46:26,NONE,0.00,NONE,1.00
2026-04-23 19:46:27,NONE,0.00,NONE,1.00
2026-04-23 19:46:27,NONE,0.00,NONE,1.00
2026-04-23 19:46:27,NONE,0.00,NONE,1.00
2026-04-23 19:46:27,NONE,0.00,NONE,1.00
2026-04-23 19:46:27,NONE,0.00,NONE,1.00
2026-04-23 19:46:27,NONE,0.00,NONE,1.00
2026-04-23 19:46:27,NONE,0.00,NONE,1.00
2026-04-23 19:46:27,NONE,0.00,NONE,1.00
2026-04-23 19:46:27,NONE,0.00,NONE,1.00
2026-04-23 19:46:27,NONE,0.00,NONE,1.00
2026-04-23 19:46:27,NONE,0.00,NONE,1.00
2026-04-23 19:46:28,NONE,0.00,NONE,1.00
2026-04-23 19:46:28,NONE,0.00,NONE,1.00
2026-04-23 19:46:28,NONE,0.00,NONE,1.00
2026-04-23 19:46:28,NONE,0.00,NONE,1.00
2026-04-23 19:46:28,NONE,0.00,NONE,1.00
2026-04-23 19:46:28,NONE,0.00,NONE,1.00
2026-04-23 19:46:28,NONE,0.00,NONE,1.00
2026-04-23 19:46:28,NONE,0.00,NONE,1.00
2026-04-23 19:46:28,NONE,0.00,NONE,1.00
2026-04-23 19:46:28,NONE,0.00,NONE,1.00
2026-04-23 19:46:28,NONE,0.00,NONE,1.00
2026-04-23 19:46:29,NONE,0.00,NONE,1.00
2026-04-23 19:46:29,NONE,0.00,NONE,1.00
2026-04-23 19:46:29,NONE,0.00,NONE,1.00
2026-04-23 19:46:29,NONE,0.00,NONE,1.00
2026-04-23 19:46:29,NONE,0.00,NONE,1.00
2026-04-23 19:46:29,NONE,0.00,NONE,1.00
2026-04-23 19:46:29,NONE,0.00,NONE,1.00
2026-04-23 19:46:29,NONE,0.00,NONE,1.00
2026-04-23 19:46:29,NONE,0.00,NONE,1.00
2026-04-23 19:46:29,NONE,0.00,NONE,1.00
2026-04-23 19:46:29,NONE,0.00,NONE,1.00
2026-04-23 19:46:30,NONE,0.00,NONE,1.00
2026-04-23 19:46:30,NONE,0.00,NONE,1.00
2026-04-23 19:46:30,NONE,0.00,NONE,1.00
2026-04-23 19:46:30,NONE,0.00,NONE,1.00
2026-04-23 19:46:30,NONE,0.00,NONE,1.00
2026-04-23 19:46:30,NONE,0.00,NONE,1.00
2026-04-23 19:46:30,NONE,0.00,NONE,1.00
2026-04-23 19:46:30,NONE,0.00,NONE,1.00
2026-04-23 19:46:30,NONE,0.00,NONE,1.00
2026-04-23 19:46:30,NONE,0.00,NONE,1.00
2026-04-23 19:46:30,NONE,0.00,NONE,1.00
2026-04-23 19:46:31,NONE,0.00,NONE,1.00
2026-04-23 19:46:31,NONE,0.00,NONE,1.00
2026-04-23 19:46:31,NONE,0.00,NONE,1.00
2026-04-23 19:46:31,NONE,0.00,NONE,1.00
2026-04-23 19:46:31,NONE,0.00,NONE,1.00
2026-04-23 19:46:31,NONE,0.00,NONE,1.00
2026-04-23 19:46:31,NONE,0.00,NONE,1.00
2026-04-23 19:46:31,NONE,0.00,NONE,1.00
2026-04-23 19:46:31,NONE,0.00,NONE,1.00
2026-04-23 19:46:31,NONE,0.00,NONE,1.00
2026-04-23 19:46:31,NONE,0.00,NONE,1.00
2026-04-23 19:46:31,NONE,0.00,NONE,1.00
2026-04-23 19:46:32,NONE,0.00,NONE,1.00
2026-04-23 19:46:32,NONE,0.00,NONE,1.00
2026-04-23 19:46:32,NONE,0.00,NONE,1.00
2026-04-23 19:46:32,NONE,0.00,NONE,1.00
2026-04-23 19:46:32,NONE,0.00,NONE,1.00
2026-04-23 19:46:32,NONE,0.00,NONE,1.00
2026-04-23 19:46:32,NONE,0.00,NONE,1.00
2026-04-23 19:46:32,NONE,0.00,NONE,1.00
2026-04-23 19:46:32,NONE,0.00,NONE,1.00
2026-04-23 19:46:32,NONE,0.00,NONE,1.00
2026-04-23 19:46:32,NONE,0.00,NONE,1.00
2026-04-23 19:46:33,NONE,0.00,NONE,1.00
2026-04-23 19:46:33,NONE,0.00,NONE,1.00
2026-04-23 19:46:33,NONE,0.00,NONE,1.00
2026-04-23 19:46:33,NONE,0.00,NONE,1.00
2026-04-23 19:46:33,NONE,0.00,NONE,1.00
2026-04-23 19:46:33,NONE,0.00,NONE,1.00
2026-04-23 19:46:33,NONE,0.00,NONE,1.00
2026-04-23 19:46:33,NONE,0.00,NONE,1.00
2026-04-23 19:46:33,NONE,0.00,NONE,1.00
2026-04-23 19:46:33,NONE,0.00,NONE,1.00
2026-04-23 19:46:33,NONE,0.00,NONE,1.00
2026-04-23 19:46:34,NONE,0.00,NONE,1.00
2026-04-23 19:46:34,NONE,0.00,NONE,1.00
2026-04-23 19:46:34,NONE,0.00,NONE,1.00
2026-04-23 19:46:34,NONE,0.00,NONE,1.00
2026-04-23 19:46:34,NONE,0.00,NONE,1.00
2026-04-23 19:46:34,NONE,0.00,NONE,1.00
2026-04-23 19:46:34,NONE,0.00,NONE,1.00
2026-04-23 19:46:34,NONE,0.00,NONE,1.00
2026-04-23 19:46:34,NONE,0.00,NONE,1.00
2026-04-23 19:46:34,NONE,0.00,NONE,1.00
2026-04-23 19:46:34,NONE,0.00,NONE,1.00
2026-04-23 19:46:35,NONE,0.00,NONE,1.00
2026-04-23 19:46:35,NONE,0.00,NONE,1.00
2026-04-23 19:46:35,NONE,0.00,NONE,1.00
2026-04-23 19:46:35,NONE,0.00,NONE,1.00
2026-04-23 19:46:35,NONE,0.00,NONE,1.00
2026-04-23 19:46:35,NONE,0.00,NONE,1.00
2026-04-23 19:46:35,NONE,0.00,NONE,1.00
2026-04-23 19:46:35,NONE,0.00,NONE,1.00
2026-04-23 19:46:35,NONE,0.00,NONE,1.00
2026-04-23 19:46:35,NONE,0.00,NONE,1.00
2026-04-23 19:46:35,NONE,0.00,NONE,1.00
2026-04-23 19:46:36,NONE,0.00,NONE,1.00
2026-04-23 19:46:36,NONE,0.00,NONE,1.00
2026-04-23 19:46:36,NONE,0.00,NONE,1.00
2026-04-23 19:46:36,NONE,0.00,NONE,1.00
2026-04-23 19:46:36,NONE,0.00,NONE,1.00
2026-04-23 19:46:36,NONE,0.00,NONE,1.00
2026-04-23 19:46:36,NONE,0.00,NONE,1.00
2026-04-23 19:46:36,NONE,0.00,NONE,1.00
2026-04-23 19:46:36,NONE,0.00,NONE,1.00
2026-04-23 19:46:36,NONE,0.00,NONE,1.00
2026-04-23 19:46:36,NONE,0.00,NONE,1.00
2026-04-23 19:46:37,NONE,0.00,NONE,1.00
2026-04-23 19:46:37,NONE,0.00,NONE,1.00
2026-04-23 19:46:37,NONE,0.00,NONE,1.00
2026-04-23 19:46:37,NONE,0.00,NONE,1.00
2026-04-23 19:46:37,NONE,0.00,NONE,1.00
2026-04-23 19:46:37,NONE,0.00,NONE,1.00
2026-04-23 19:46:37,NONE,0.00,NONE,1.00
2026-04-23 19:46:37,NONE,0.00,NONE,1.00
2026-04-23 19:46:37,NONE,0.00,NONE,1.00
2026-04-23 19:46:37,NONE,0.00,NONE,1.00
2026-04-23 19:46:37,NONE,0.00,NONE,1.00
2026-04-23 19:46:38,NONE,0.00,NONE,1.00
2026-04-23 19:46:38,NONE,0.00,NONE,1.00
2026-04-23 19:46:38,NONE,0.00,NONE,1.00
2026-04-23 19:46:38,NONE,0.00,NONE,1.00
2026-04-23 19:46:38,NONE,0.00,NONE,1.00
2026-04-23 19:46:38,NONE,0.00,NONE,1.00
2026-04-23 19:46:38,NONE,0.00,NONE,1.00
2026-04-23 19:46:38,NONE,0.00,NONE,1.00
2026-04-23 19:46:38,NONE,0.00,NONE,1.00
2026-04-23 19:46:38,NONE,0.00,NONE,1.00
2026-04-23 19:46:38,NONE,0.00,NONE,1.00
2026-04-23 19:46:39,NONE,0.00,NONE,1.00
2026-04-23 19:46:39,NONE,0.00,NONE,1.00
2026-04-23 19:46:39,NONE,0.00,NONE,1.00
2026-04-23 19:46:39,NONE,0.00,NONE,1.00
2026-04-23 19:46:39,NONE,0.00,NONE,1.00
2026-04-23 19:46:39,NONE,0.00,NONE,1.00
2026-04-23 19:46:39,NONE,0.00,NONE,1.00
2026-04-23 19:46:39,NONE,0.00,NONE,1.00
2026-04-23 19:46:39,NONE,0.00,NONE,1.00
2026-04-23 19:46:39,NONE,0.00,NONE,1.00
2026-04-23 19:46:39,NONE,0.00,NONE,1.00
2026-04-23 19:46:40,NONE,0.00,NONE,1.00
2026-04-23 19:46:40,NONE,0.00,NONE,1.00
2026-04-23 19:46:40,NONE,0.00,NONE,1.00
2026-04-23 19:46:40,NONE,0.00,NONE,1.00
2026-04-23 19:46:40,NONE,0.00,NONE,1.00
2026-04-23 19:46:40,NONE,0.00,NONE,1.00
2026-04-23 19:46:40,NONE,0.00,NONE,1.00
2026-04-23 19:46:40,NONE,0.00,NONE,1.00
2026-04-23 19:46:40,NONE,0.00,NONE,1.00
2026-04-23 19:46:40,NONE,0.00,NONE,1.00
2026-04-23 19:46:40,NONE,0.00,NONE,1.00
2026-04-23 19:46:41,NONE,0.00,NONE,1.00
2026-04-23 19:46:41,NONE,0.00,NONE,1.00
2026-04-23 19:46:41,NONE,0.00,NONE,1.00
2026-04-23 19:46:41,NONE,0.00,NONE,1.00
2026-04-23 19:46:41,NONE,0.00,NONE,1.00
2026-04-23 19:46:41,NONE,0.00,NONE,1.00
2026-04-23 19:46:41,NONE,0.00,NONE,1.00
2026-04-23 19:46:41,NONE,0.00,NONE,1.00
2026-04-23 19:46:41,NONE,0.00,NONE,1.00
2026-04-23 19:46:41,NONE,0.00,NONE,1.00
2026-04-23 19:46:41,NONE,0.00,NONE,1.00
2026-04-23 19:46:41,NONE,0.00,NONE,1.00
2026-04-23 19:46:42,NONE,0.00,NONE,1.00
2026-04-23 19:46:42,NONE,0.00,NONE,1.00
2026-04-23 19:46:42,NONE,0.00,NONE,1.00
2026-04-23 19:46:42,NONE,0.00,NONE,1.00
2026-04-23 19:46:42,NONE,0.00,NONE,1.00
2026-04-23 19:46:42,NONE,0.00,NONE,1.00
2026-04-23 19:46:42,NONE,0.00,NONE,1.00
2026-04-23 19:46:42,NONE,0.00,NONE,1.00
2026-04-23 19:46:42,NONE,0.00,NONE,1.00
2026-04-23 19:46:42,NONE,0.00,NONE,1.00
2026-04-23 19:46:42,NONE,0.00,NONE,1.00
2026-04-23 19:46:43,NONE,0.00,NONE,1.00
2026-04-23 19:46:43,NONE,0.00,NONE,1.00
2026-04-23 19:46:43,NONE,0.00,NONE,1.00
2026-04-23 19:46:43,NONE,0.00,NONE,1.00
2026-04-23 19:46:43,NONE,0.00,NONE,1.00
2026-04-23 19:46:43,NONE,0.00,NONE,1.00
2026-04-23 19:46:43,NONE,0.00,NONE,1.00
2026-04-23 19:46:43,NONE,0.00,NONE,1.00
2026-04-23 19:46:43,NONE,0.00,NONE,1.00
2026-04-23 19:46:43,NONE,0.00,NONE,1.00
2026-04-23 19:46:43,NONE,0.00,NONE,1.00
2026-04-23 19:46:43,NONE,0.00,NONE,1.00
2026-04-23 19:46:44,NONE,0.00,NONE,1.00
2026-04-23 19:46:44,NONE,0.00,NONE,1.00
2026-04-23 19:46:44,NONE,0.00,NONE,1.00
2026-04-23 19:46:44,NONE,0.00,NONE,1.00
2026-04-23 19:46:44,NONE,0.00,NONE,1.00
2026-04-23 19:46:44,NONE,0.00,NONE,1.00
2026-04-23 19:46:44,NONE,0.00,NONE,1.00
2026-04-23 19:46:44,NONE,0.00,NONE,1.00
2026-04-23 19:46:44,NONE,0.00,NONE,1.00
2026-04-23 19:46:44,NONE,0.00,NONE,1.00
2026-04-23 19:46:44,NONE,0.00,NONE,1.00
2026-04-23 19:46:44,NONE,0.00,NONE,1.00
2026-04-23 19:46:45,NONE,0.00,NONE,1.00
2026-04-23 19:46:45,NONE,0.00,NONE,1.00
2026-04-23 19:46:45,NONE,0.00,NONE,1.00
2026-04-23 19:46:45,NONE,0.00,NONE,1.00
2026-04-23 19:46:45,NONE,0.00,NONE,1.00
2026-04-23 19:46:45,NONE,0.00,NONE,1.00
2026-04-23 19:46:45,NONE,0.00,NONE,1.00
2026-04-23 19:46:45,NONE,0.00,NONE,1.00
2026-04-23 19:46:45,NONE,0.00,NONE,1.00
2026-04-23 19:46:45,NONE,0.00,NONE,1.00
2026-04-23 19:46:45,NONE,0.00,NONE,1.00
2026-04-23 19:46:45,NONE,0.00,NONE,1.00
2026-04-23 19:46:46,NONE,0.00,NONE,1.00
2026-04-23 19:46:46,NONE,0.00,NONE,1.00
2026-04-23 19:46:46,NONE,0.00,NONE,1.00
2026-04-23 19:46:46,NONE,0.00,NONE,1.00
2026-04-23 19:46:46,NONE,0.00,NONE,1.00
2026-04-23 19:46:46,NONE,0.00,NONE,1.00
2026-04-23 19:46:46,NONE,0.00,NONE,1.00
2026-04-23 19:46:46,NONE,0.00,NONE,1.00
2026-04-23 19:46:46,NONE,0.00,NONE,1.00
2026-04-23 19:46:46,NONE,0.00,NONE,1.00
2026-04-23 19:46:46,NONE,0.00,NONE,1.00
2026-04-23 19:46:46,NONE,0.00,NONE,1.00
2026-04-23 19:46:46,NONE,0.00,NONE,1.00
2026-04-23 19:46:47,NONE,0.00,NONE,1.00
2026-04-23 19:46:47,NONE,0.00,NONE,1.00
2026-04-23 19:46:47,NONE,0.00,NONE,1.00
2026-04-23 19:46:47,NONE,0.00,NONE,1.00
2026-04-23 19:46:47,NONE,0.00,NONE,1.00
2026-04-23 19:46:47,NONE,0.00,NONE,1.00
2026-04-23 19:46:47,NONE,0.00,NONE,1.00
2026-04-23 19:46:47,NONE,0.00,NONE,1.00
2026-04-23 19:46:47,NONE,0.00,NONE,1.00
2026-04-23 19:46:47,NONE,0.00,NONE,1.00
2026-04-23 19:46:47,NONE,0.00,NONE,1.00
2026-04-23 19:46:47,NONE,0.00,NONE,1.00
2026-04-23 19:46:48,NONE,0.00,NONE,1.00
2026-04-23 19:46:48,NONE,0.00,NONE,1.00
2026-04-23 19:46:48,NONE,0.00,NONE,1.00
2026-04-23 19:46:48,NONE,0.00,NONE,1.00
2026-04-23 19:46:48,NONE,0.00,NONE,1.00
2026-04-23 19:46:48,NONE,0.00,NONE,1.00
2026-04-23 19:46:48,NONE,0.00,NONE,1.00
2026-04-23 19:46:48,NONE,0.00,NONE,1.00
2026-04-23 19:46:48,NONE,0.00,NONE,1.00
2026-04-23 19:46:48,NONE,0.00,NONE,1.00
2026-04-23 19:46:48,NONE,0.00,NONE,1.00
2026-04-23 19:46:48,NONE,0.00,NONE,1.00
2026-04-23 19:46:48,NONE,0.00,NONE,1.00
2026-04-23 19:46:49,NONE,0.00,NONE,1.00
2026-04-23 19:46:49,NONE,0.00,NONE,1.00
2026-04-23 19:46:49,NONE,0.00,NONE,1.00
2026-04-23 19:46:49,NONE,0.00,NONE,1.00
2026-04-23 19:46:49,NONE,0.00,NONE,1.00
2026-04-23 19:46:49,NONE,0.00,NONE,1.00
2026-04-23 19:46:49,NONE,0.00,NONE,1.00
2026-04-23 19:46:49,NONE,0.00,NONE,1.00
2026-04-23 19:46:49,NONE,0.00,NONE,1.00
2026-04-23 19:46:49,NONE,0.00,NONE,1.00
2026-04-23 19:46:49,NONE,0.00,NONE,1.00
2026-04-23 19:46:49,NONE,0.00,NONE,1.00
2026-04-23 19:46:50,NONE,0.00,NONE,1.00
2026-04-23 19:46:50,NONE,0.00,NONE,1.00
2026-04-23 19:46:50,NONE,0.00,NONE,1.00
2026-04-23 19:46:50,NONE,0.00,NONE,1.00
2026-04-23 19:46:50,NONE,0.00,NONE,1.00
2026-04-23 19:46:50,NONE,0.00,NONE,1.00
2026-04-23 19:46:50,NONE,0.00,NONE,1.00
2026-04-23 19:46:50,NONE,0.00,NONE,1.00
2026-04-23 19:46:50,NONE,0.00,NONE,1.00
2026-04-23 19:46:50,NONE,0.00,NONE,1.00
2026-04-23 19:46:50,NONE,0.00,NONE,1.00
2026-04-23 19:46:50,NONE,0.00,NONE,1.00
2026-04-23 19:46:50,NONE,0.00,NONE,1.00
2026-04-23 19:46:51,NONE,0.00,NONE,1.00
2026-04-23 19:46:51,NONE,0.00,NONE,1.00
2026-04-23 19:46:51,NONE,0.00,NONE,1.00
2026-04-23 19:46:51,NONE,0.00,NONE,1.00
2026-04-23 19:46:51,NONE,0.00,NONE,1.00
2026-04-23 19:46:51,NONE,0.00,NONE,1.00
2026-04-23 19:46:51,NONE,0.00,NONE,1.00
2026-04-23 19:46:51,NONE,0.00,NONE,1.00
2026-04-23 19:46:51,NONE,0.00,NONE,1.00
2026-04-23 19:46:51,NONE,0.00,NONE,1.00
2026-04-23 19:46:51,NONE,0.00,NONE,1.00
2026-04-23 19:46:51,NONE,0.00,NONE,1.00
2026-04-23 19:46:52,NONE,0.00,NONE,1.00
2026-04-23 19:46:52,NONE,0.00,NONE,1.00
2026-04-23 19:46:52,NONE,0.00,NONE,1.00
2026-04-23 19:46:52,NONE,0.00,NONE,1.00
2026-04-23 19:46:52,NONE,0.00,NONE,1.00
2026-04-23 19:46:52,NONE,0.00,NONE,1.00
2026-04-23 19:46:52,NONE,0.00,NONE,1.00
2026-04-23 19:46:52,NONE,0.00,NONE,1.00
2026-04-23 19:46:52,NONE,0.00,NONE,1.00
2026-04-23 19:46:52,NONE,0.00,NONE,1.00
2026-04-23 19:46:52,NONE,0.00,NONE,1.00
2026-04-23 19:46:52,NONE,0.00,NONE,1.00
2026-04-23 19:46:52,NONE,0.00,NONE,1.00
2026-04-23 19:46:53,NONE,0.00,NONE,1.00
2026-04-23 19:46:53,NONE,0.00,NONE,1.00
2026-04-23 19:46:53,NONE,0.00,NONE,1.00
2026-04-23 19:46:53,NONE,0.00,NONE,1.00
2026-04-23 19:46:53,NONE,0.00,NONE,1.00
2026-04-23 19:46:53,NONE,0.00,NONE,1.00
2026-04-23 19:46:53,NONE,0.00,NONE,1.00
2026-04-23 19:46:53,NONE,0.00,NONE,1.00
2026-04-23 19:46:53,NONE,0.00,NONE,1.00
2026-04-23 19:46:53,NONE,0.00,NONE,1.00
2026-04-23 19:46:53,NONE,0.00,NONE,1.00
2026-04-23 19:46:53,NONE,0.00,NONE,1.00
2026-04-23 19:46:54,NONE,0.00,NONE,1.00
2026-04-23 19:46:54,NONE,0.00,NONE,1.00
2026-04-23 19:46:54,NONE,0.00,NONE,1.00
2026-04-23 19:46:54,NONE,0.00,NONE,1.00
2026-04-23 19:46:54,NONE,0.00,NONE,1.00
2026-04-23 19:46:54,NONE,0.00,NONE,1.00
2026-04-23 19:46:54,NONE,0.00,NONE,1.00
2026-04-23 19:46:54,NONE,0.00,NONE,1.00
2026-04-23 19:46:54,NONE,0.00,NONE,1.00
2026-04-23 19:46:54,NONE,0.00,NONE,1.00
2026-04-23 19:46:54,NONE,0.00,NONE,1.00
2026-04-23 19:46:54,NONE,0.00,NONE,1.00
2026-04-23 19:46:54,NONE,0.00,NONE,1.00
2026-04-23 19:46:55,NONE,0.00,NONE,1.00
2026-04-23 19:46:55,NONE,0.00,NONE,1.00
2026-04-23 19:46:55,NONE,0.00,NONE,1.00
2026-04-23 19:46:55,NONE,0.00,NONE,1.00
2026-04-23 19:46:55,NONE,0.00,NONE,1.00
2026-04-23 19:46:55,NONE,0.00,NONE,1.00
2026-04-23 19:46:55,NONE,0.00,NONE,1.00
2026-04-23 19:46:55,NONE,0.00,NONE,1.00
2026-04-23 19:46:55,NONE,0.00,NONE,1.00
2026-04-23 19:46:55,NONE,0.00,NONE,1.00
2026-04-23 19:46:55,NONE,0.00,NONE,1.00
2026-04-23 19:46:55,NONE,0.00,NONE,1.00
2026-04-23 19:46:56,NONE,0.00,NONE,1.00
2026-04-23 19:46:56,NONE,0.00,NONE,1.00
2026-04-23 19:46:56,NONE,0.00,NONE,1.00
2026-04-23 19:46:56,NONE,0.00,NONE,1.00
2026-04-23 19:46:56,NONE,0.00,NONE,1.00
2026-04-23 19:46:56,NONE,0.00,NONE,1.00
2026-04-23 19:46:56,NONE,0.00,NONE,1.00
2026-04-23 19:46:56,NONE,0.00,NONE,1.00
2026-04-23 19:46:56,NONE,0.00,NONE,1.00
2026-04-23 19:46:56,NONE,0.00,NONE,1.00
2026-04-23 19:46:56,NONE,0.00,NONE,1.00
2026-04-23 19:46:56,NONE,0.00,NONE,1.00
2026-04-23 19:46:56,NONE,0.00,NONE,1.00
2026-04-23 19:46:57,NONE,0.00,NONE,1.00
2026-04-23 19:46:57,NONE,0.00,NONE,1.00
2026-04-23 19:46:57,NONE,0.00,NONE,1.00
2026-04-23 19:46:57,NONE,0.00,NONE,1.00
2026-04-23 19:46:57,NONE,0.00,NONE,1.00
2026-04-23 19:46:57,NONE,0.00,NONE,1.00
2026-04-23 19:46:57,NONE,0.00,NONE,1.00
2026-04-23 19:46:57,NONE,0.00,NONE,1.00
2026-04-23 19:46:57,NONE,0.00,NONE,1.00
2026-04-23 19:46:57,NONE,0.00,NONE,1.00
2026-04-23 19:46:57,NONE,0.00,NONE,1.00
2026-04-23 19:46:57,NONE,0.00,NONE,1.00
2026-04-23 19:46:58,NONE,0.00,NONE,1.00
2026-04-23 19:46:58,NONE,0.00,NONE,1.00
2026-04-23 19:46:58,NONE,0.00,NONE,1.00
2026-04-23 19:46:58,NONE,0.00,NONE,1.00
2026-04-23 19:46:58,NONE,0.00,NONE,1.00
2026-04-23 19:46:58,NONE,0.00,NONE,1.00
2026-04-23 19:46:58,NONE,0.00,NONE,1.00
2026-04-23 19:46:58,NONE,0.00,NONE,1.00
2026-04-23 19:46:58,NONE,0.00,NONE,1.00
2026-04-23 19:46:58,NONE,0.00,NONE,1.00
2026-04-23 19:46:58,NONE,0.00,NONE,1.00
2026-04-23 19:46:58,NONE,0.00,NONE,1.00
2026-04-23 19:46:58,NONE,0.00,NONE,1.00
2026-04-23 19:46:59,NONE,0.00,NONE,1.00
2026-04-23 19:46:59,NONE,0.00,NONE,1.00
2026-04-23 19:46:59,NONE,0.00,NONE,1.00
2026-04-23 19:46:59,NONE,0.00,NONE,1.00
2026-04-23 19:46:59,NONE,0.00,NONE,1.00
2026-04-23 19:46:59,NONE,0.00,NONE,1.00
2026-04-23 19:46:59,NONE,0.00,NONE,1.00
2026-04-23 19:46:59,NONE,0.00,NONE,1.00
2026-04-23 19:46:59,NONE,0.00,NONE,1.00
2026-04-23 19:46:59,NONE,0.00,NONE,1.00
2026-04-23 19:46:59,NONE,0.00,NONE,1.00
2026-04-23 19:46:59,NONE,0.00,NONE,1.00
2026-04-23 19:47:00,NONE,0.00,NONE,1.00
2026-04-23 19:47:00,NONE,0.00,NONE,1.00
2026-04-23 19:47:00,NONE,0.00,NONE,1.00
2026-04-23 19:47:00,NONE,0.00,NONE,1.00
2026-04-23 19:47:00,NONE,0.00,NONE,1.00
2026-04-23 19:47:00,NONE,0.00,NONE,1.00
2026-04-23 19:47:00,NONE,0.00,NONE,1.00
2026-04-23 19:47:00,NONE,0.00,NONE,1.00
2026-04-23 19:47:00,NONE,0.00,NONE,1.00
2026-04-23 19:47:00,NONE,0.00,NONE,1.00
2026-04-23 19:47:00,NONE,0.00,NONE,1.00
2026-04-23 19:47:00,NONE,0.00,NONE,1.00
2026-04-23 19:47:00,NONE,0.00,NONE,1.00
2026-04-23 19:47:01,NONE,0.00,NONE,1.00
2026-04-23 19:47:01,NONE,0.00,NONE,1.00
2026-04-23 19:47:01,NONE,0.00,NONE,1.00
2026-04-23 19:47:01,NONE,0.00,NONE,1.00
2026-04-23 19:47:01,NONE,0.00,NONE,1.00
2026-04-23 19:47:01,NONE,0.00,NONE,1.00
2026-04-23 19:47:01,NONE,0.00,NONE,1.00
2026-04-23 19:47:01,NONE,0.00,NONE,1.00
2026-04-23 19:47:01,NONE,0.00,NONE,1.00
2026-04-23 19:47:01,NONE,0.00,NONE,1.00
2026-04-23 19:47:01,NONE,0.00,NONE,1.00
2026-04-23 19:47:01,NONE,0.00,NONE,1.00
2026-04-23 19:47:02,NONE,0.00,NONE,1.00
2026-04-23 19:47:02,NONE,0.00,NONE,1.00
2026-04-23 19:47:02,NONE,0.00,NONE,1.00
2026-04-23 19:47:02,NONE,0.00,NONE,1.00
2026-04-23 19:47:02,NONE,0.00,NONE,1.00
2026-04-23 19:47:02,NONE,0.00,NONE,1.00
2026-04-23 19:47:02,NONE,0.00,NONE,1.00
2026-04-23 19:47:02,NONE,0.00,NONE,1.00
2026-04-23 19:47:02,NONE,0.00,NONE,1.00
2026-04-23 19:47:02,NONE,0.00,NONE,1.00
2026-04-23 19:47:02,NONE,0.00,NONE,1.00
2026-04-23 19:47:02,NONE,0.00,NONE,1.00
2026-04-23 19:47:02,NONE,0.00,NONE,1.00
2026-04-23 19:47:03,NONE,0.00,NONE,1.00
2026-04-23 19:47:03,NONE,0.00,NONE,1.00
2026-04-23 19:47:03,NONE,0.00,NONE,1.00
2026-04-23 19:47:03,NONE,0.00,NONE,1.00
2026-04-23 19:47:03,NONE,0.00,NONE,1.00
2026-04-23 19:47:03,NONE,0.00,NONE,1.00
2026-04-23 19:47:03,NONE,0.00,NONE,1.00
2026-04-23 19:47:03,NONE,0.00,NONE,1.00
2026-04-23 19:47:03,NONE,0.00,NONE,1.00
2026-04-23 19:47:03,NONE,0.00,NONE,1.00
2026-04-23 19:47:03,NONE,0.00,NONE,1.00
2026-04-23 19:47:03,NONE,0.00,NONE,1.00
2026-04-23 19:47:04,NONE,0.00,NONE,1.00
2026-04-23 19:47:04,NONE,0.00,NONE,1.00
2026-04-23 19:47:04,NONE,0.00,NONE,1.00
2026-04-23 19:47:04,NONE,0.00,NONE,1.00
2026-04-23 19:47:04,NONE,0.00,NONE,1.00
2026-04-23 19:47:04,NONE,0.00,NONE,1.00
2026-04-23 19:47:04,NONE,0.00,NONE,1.00
2026-04-23 19:47:04,NONE,0.00,NONE,1.00
2026-04-23 19:47:04,NONE,0.00,NONE,1.00
2026-04-23 19:47:04,NONE,0.00,NONE,1.00
2026-04-23 19:47:04,NONE,0.00,NONE,1.00
2026-04-23 19:47:04,NONE,0.00,NONE,1.00
2026-04-23 19:47:04,NONE,0.00,NONE,1.00
2026-04-23 19:47:05,NONE,0.00,NONE,1.00
2026-04-23 19:47:05,NONE,0.00,NONE,1.00
2026-04-23 19:47:05,NONE,0.00,NONE,1.00
2026-04-23 19:47:05,NONE,0.00,NONE,1.00
2026-04-23 19:47:05,NONE,0.00,NONE,1.00
2026-04-23 19:47:05,NONE,0.00,NONE,1.00
2026-04-23 19:47:05,NONE,0.00,NONE,1.00
2026-04-23 19:47:05,NONE,0.00,NONE,1.00
2026-04-23 19:47:05,NONE,0.00,NONE,1.00
2026-04-23 19:47:05,NONE,0.00,NONE,1.00
2026-04-23 19:47:05,NONE,0.00,NONE,1.00
2026-04-23 19:47:05,NONE,0.00,NONE,1.00
2026-04-23 19:47:06,NONE,0.00,NONE,1.00
2026-04-23 19:47:06,NONE,0.00,NONE,1.00
2026-04-23 19:47:06,NONE,0.00,NONE,1.00
2026-04-23 19:47:06,NONE,0.00,NONE,1.00
2026-04-23 19:47:06,NONE,0.00,NONE,1.00
2026-04-23 19:47:06,NONE,0.00,NONE,1.00
2026-04-23 19:47:06,NONE,0.00,NONE,1.00
2026-04-23 19:47:06,NONE,0.00,NONE,1.00
2026-04-23 19:47:06,NONE,0.00,NONE,1.00
2026-04-23 19:47:06,NONE,0.00,NONE,1.00
2026-04-23 19:47:06,NONE,0.00,NONE,1.00
2026-04-23 19:47:06,NONE,0.00,NONE,1.00
2026-04-23 19:47:06,NONE,0.00,NONE,1.00
2026-04-23 19:47:07,NONE,0.00,NONE,1.00
2026-04-23 19:47:07,NONE,0.00,NONE,1.00
2026-04-23 19:47:07,NONE,0.00,NONE,1.00
2026-04-23 19:47:07,NONE,0.00,NONE,1.00
2026-04-23 19:47:07,NONE,0.00,NONE,1.00
2026-04-23 19:47:07,NONE,0.00,NONE,1.00
2026-04-23 19:47:07,NONE,0.00,NONE,1.00
2026-04-23 19:47:07,NONE,0.00,NONE,1.00
2026-04-23 19:47:07,NONE,0.00,NONE,1.00
2026-04-23 19:47:07,NONE,0.00,NONE,1.00
2026-04-23 19:47:07,NONE,0.00,NONE,1.00
2026-04-23 19:47:07,NONE,0.00,NONE,1.00
2026-04-23 19:47:08,NONE,0.00,NONE,1.00
2026-04-23 19:47:08,NONE,0.00,NONE,1.00
2026-04-23 19:47:08,NONE,0.00,NONE,1.00
2026-04-23 19:47:08,NONE,0.00,NONE,1.00
2026-04-23 19:47:08,NONE,0.00,NONE,1.00
2026-04-23 19:47:08,NONE,0.00,NONE,1.00
2026-04-23 19:47:08,NONE,0.00,NONE,1.00
2026-04-23 19:47:08,NONE,0.00,NONE,1.00
2026-04-23 19:47:08,NONE,0.00,NONE,1.00
2026-04-23 19:47:08,NONE,0.00,NONE,1.00
2026-04-23 19:47:08,NONE,0.00,NONE,1.00
2026-04-23 19:47:08,NONE,0.00,NONE,1.00
2026-04-23 19:47:08,NONE,0.00,NONE,1.00
2026-04-23 19:47:09,NONE,0.00,NONE,1.00
2026-04-23 19:47:09,NONE,0.00,NONE,1.00
2026-04-23 19:47:09,NONE,0.00,NONE,1.00
2026-04-23 19:47:09,NONE,0.00,NONE,1.00
2026-04-23 19:47:09,NONE,0.00,NONE,1.00
2026-04-23 19:47:09,NONE,0.00,NONE,1.00
2026-04-23 19:47:09,NONE,0.00,NONE,1.00
2026-04-23 19:47:09,NONE,0.00,NONE,1.00
2026-04-24 17:31:04,NONE,0.00,NONE,1.00
2026-04-24 17:31:04,NONE,0.00,NONE,1.00
2026-04-24 17:31:04,NONE,0.00,NONE,1.00
2026-04-24 17:31:04,NONE,0.00,NONE,1.00
2026-04-24 17:31:04,NONE,0.00,NONE,1.00
2026-04-24 17:31:04,NONE,0.00,NONE,1.00
2026-04-24 17:31:04,NONE,0.00,NONE,1.00
2026-04-24 17:31:04,NONE,0.00,NONE,1.00
2026-04-24 17:31:04,NONE,0.00,NONE,1.00
2026-04-24 17:31:05,NONE,0.00,NONE,1.00
2026-04-24 17:31:05,NONE,0.00,NONE,1.00
2026-04-24 17:31:05,NONE,0.00,NONE,1.00
2026-04-24 17:31:05,NONE,0.00,NONE,1.00
2026-04-24 17:31:05,NONE,0.00,NONE,1.00
2026-04-24 17:31:05,NONE,0.00,NONE,1.00
2026-04-24 17:31:05,NONE,0.00,NONE,1.00
2026-04-24 17:31:05,NONE,0.00,NONE,1.00
2026-04-24 17:31:05,NONE,0.00,NONE,1.00
2026-04-24 17:31:05,NONE,0.00,NONE,1.00
2026-04-24 17:31:05,NONE,0.00,NONE,1.00
2026-04-24 17:31:05,NONE,0.00,NONE,1.00
2026-04-24 17:31:05,NONE,0.00,NONE,1.00
2026-04-24 17:31:05,NONE,0.00,NONE,1.00
2026-04-24 17:31:05,NONE,0.00,NONE,1.00
2026-04-24 17:31:05,NONE,0.00,NONE,1.00
2026-04-24 17:31:06,NONE,0.00,NONE,1.00
2026-04-24 17:31:06,NONE,0.00,NONE,1.00
2026-04-24 17:31:06,NONE,0.00,NONE,1.00
2026-04-24 17:31:06,NONE,0.00,NONE,1.00
2026-04-24 17:31:06,NONE,0.00,NONE,1.00
2026-04-24 17:31:06,NONE,0.00,NONE,1.00
2026-04-24 17:31:06,NONE,0.00,NONE,1.00
2026-04-24 17:31:06,NONE,0.00,NONE,1.00
2026-04-24 17:31:06,NONE,0.00,NONE,1.00
2026-04-24 17:31:06,NONE,0.00,NONE,1.00
2026-04-24 17:31:06,NONE,0.00,NONE,1.00
2026-04-24 17:31:06,NONE,0.00,NONE,1.00
2026-04-24 17:31:06,NONE,0.00,NONE,1.00
2026-04-24 17:31:06,NONE,0.00,NONE,1.00
2026-04-24 17:31:07,NONE,0.00,NONE,1.00
2026-04-24 17:31:07,NONE,0.00,NONE,1.00
2026-04-24 17:31:07,NONE,0.00,NONE,1.00
2026-04-24 17:31:07,NONE,0.00,NONE,1.00
2026-04-24 17:31:07,NONE,0.00,NONE,1.00
2026-04-24 17:31:07,NONE,0.00,NONE,1.00
2026-04-24 17:31:07,NONE,0.00,NONE,1.00
2026-04-24 17:31:07,NONE,0.00,NONE,1.00
2026-04-24 17:31:07,NONE,0.00,NONE,1.00
2026-04-24 17:31:07,NONE,0.00,NONE,1.00
2026-04-24 17:31:07,NONE,0.00,NONE,1.00
2026-04-24 17:31:07,NONE,0.00,NONE,1.00
2026-04-24 17:31:07,NONE,0.00,NONE,1.00
2026-04-24 17:31:07,NONE,0.00,NONE,1.00
2026-04-24 17:31:08,NONE,0.00,NONE,1.00
2026-04-24 17:31:08,NONE,0.00,NONE,1.00
2026-04-24 17:31:08,NONE,0.00,NONE,1.00
2026-04-24 17:31:08,NONE,0.00,NONE,1.00
2026-04-24 17:31:08,NONE,0.00,NONE,1.00
2026-04-24 17:31:08,NONE,0.00,NONE,1.00
2026-04-24 17:31:08,NONE,0.00,NONE,1.00
2026-04-24 17:31:08,NONE,0.00,NONE,1.00
2026-04-24 17:31:08,NONE,0.00,NONE,1.00
2026-04-24 17:31:08,NONE,0.00,NONE,1.00
2026-04-24 17:31:08,NONE,0.00,NONE,1.00
2026-04-24 17:31:08,NONE,0.00,NONE,1.00
2026-04-24 17:31:08,NONE,0.00,NONE,1.00
2026-04-24 17:31:08,NONE,0.00,NONE,1.00
2026-04-24 17:31:09,NONE,0.00,NONE,1.00
2026-04-24 17:31:09,NONE,0.00,NONE,1.00
2026-04-24 17:31:09,NONE,0.00,NONE,1.00
2026-04-24 17:31:09,NONE,0.00,NONE,1.00
2026-04-24 17:31:09,NONE,0.00,NONE,1.00
2026-04-24 17:31:09,NONE,0.00,NONE,1.00
2026-04-24 17:31:09,NONE,0.00,NONE,1.00
2026-04-24 17:31:09,NONE,0.00,NONE,1.00
2026-04-24 17:31:09,OPEN_PALM,0.95,NONE,0.90
2026-04-24 17:31:09,OPEN_PALM,0.95,NONE,0.80
2026-04-24 17:31:09,OPEN_PALM,0.95,NONE,0.70
2026-04-24 17:31:09,OPEN_PALM,0.95,NONE,0.60
2026-04-24 17:31:09,OPEN_PALM,0.95,UNSTABLE,0.50
2026-04-24 17:31:10,OPEN_PALM,0.95,OPEN_PALM,0.60
2026-04-24 17:31:10,OPEN_PALM,0.95,OPEN_PALM,0.70
2026-04-24 17:31:10,OPEN_PALM,0.95,OPEN_PALM,0.80
2026-04-24 17:31:10,OPEN_PALM,0.95,OPEN_PALM,0.90
2026-04-24 17:31:10,OPEN_PALM,0.95,OPEN_PALM,1.00
2026-04-24 17:31:10,OPEN_PALM,0.95,OPEN_PALM,1.00
2026-04-24 17:31:10,OPEN_PALM,0.95,OPEN_PALM,1.00
2026-04-24 17:31:10,OPEN_PALM,0.95,OPEN_PALM,1.00
2026-04-24 17:31:10,OPEN_PALM,0.95,OPEN_PALM,1.00
2026-04-24 17:31:10,OPEN_PALM,0.95,OPEN_PALM,1.00
2026-04-24 17:31:10,OPEN_PALM,0.95,OPEN_PALM,1.00
2026-04-24 17:31:10,OPEN_PALM,0.95,OPEN_PALM,1.00
2026-04-24 17:31:10,OPEN_PALM,0.95,OPEN_PALM,1.00
2026-04-24 17:31:10,NONE,0.00,OPEN_PALM,0.90
2026-04-24 17:31:10,NONE,0.00,OPEN_PALM,0.80
2026-04-24 17:31:11,NONE,0.00,OPEN_PALM,0.70
2026-04-24 17:31:11,NONE,0.00,OPEN_PALM,0.60
2026-04-24 17:31:11,NONE,0.00,UNSTABLE,0.50
2026-04-24 17:31:11,NONE,0.00,NONE,0.60
2026-04-24 17:31:11,NONE,0.00,NONE,0.70
2026-04-24 17:31:11,NONE,0.00,NONE,0.80
2026-04-24 17:31:11,NONE,0.00,NONE,0.90
2026-04-24 17:31:11,NONE,0.00,NONE,1.00
2026-04-24 17:31:11,NONE,0.00,NONE,1.00
2026-04-24 17:31:11,NONE,0.00,NONE,1.00
2026-04-24 17:31:11,NONE,0.00,NONE,1.00
2026-04-24 17:31:11,NONE,0.00,NONE,1.00
2026-04-24 17:31:11,NONE,0.00,NONE,1.00
2026-04-24 17:31:11,NONE,0.00,NONE,1.00
2026-04-24 17:31:12,NONE,0.00,NONE,1.00
2026-04-24 17:31:12,NONE,0.00,NONE,1.00
2026-04-24 17:31:12,NONE,0.00,NONE,1.00
2026-04-24 17:31:12,NONE,0.00,NONE,1.00
2026-04-24 17:31:12,NONE,0.00,NONE,1.00
2026-04-24 17:31:12,NONE,0.00,NONE,1.00
2026-04-24 17:31:12,NONE,0.00,NONE,1.00
2026-04-24 17:31:12,NONE,0.00,NONE,1.00
2026-04-24 17:31:12,NONE,0.00,NONE,1.00
2026-04-24 17:31:12,NONE,0.00,NONE,1.00
2026-04-24 17:31:12,NONE,0.00,NONE,1.00
2026-04-24 17:31:12,NONE,0.00,NONE,1.00
2026-04-24 17:31:12,NONE,0.00,NONE,1.00
2026-04-24 17:31:12,NONE,0.00,NONE,1.00
2026-04-24 17:31:13,NONE,0.00,NONE,1.00
2026-04-24 17:31:13,NONE,0.00,NONE,1.00
2026-04-24 17:31:13,NONE,0.00,NONE,1.00
2026-04-24 17:31:13,NONE,0.00,NONE,1.00
2026-04-24 17:31:13,NONE,0.00,NONE,1.00
2026-04-24 17:31:13,NONE,0.00,NONE,1.00
2026-04-24 17:31:13,NONE,0.00,NONE,1.00
2026-04-24 17:31:13,NONE,0.00,NONE,1.00
2026-04-24 17:31:13,NONE,0.00,NONE,1.00
2026-04-24 17:31:13,NONE,0.00,NONE,1.00
2026-04-24 17:31:13,NONE,0.00,NONE,1.00
2026-04-24 17:31:13,OPEN_PALM,0.95,NONE,0.90
2026-04-24 17:31:13,OPEN_PALM,0.95,NONE,0.80
2026-04-24 17:31:13,OPEN_PALM,0.95,NONE,0.70
2026-04-24 17:31:13,OPEN_PALM,0.95,NONE,0.60
2026-04-24 17:31:14,OPEN_PALM,0.95,UNSTABLE,0.50
2026-04-24 17:31:14,OPEN_PALM,0.95,OPEN_PALM,0.60
2026-04-24 17:31:14,OPEN_PALM,0.95,OPEN_PALM,0.70
2026-04-24 17:31:14,OPEN_PALM,0.95,OPEN_PALM,0.80
2026-04-24 17:31:14,OPEN_PALM,0.95,OPEN_PALM,0.90
2026-04-24 17:31:14,OPEN_PALM,0.95,OPEN_PALM,1.00
2026-04-24 17:31:14,OPEN_PALM,0.95,OPEN_PALM,1.00
2026-04-24 17:31:14,OPEN_PALM,0.95,OPEN_PALM,1.00
2026-04-24 17:31:14,OPEN_PALM,0.95,OPEN_PALM,1.00
2026-04-24 17:31:14,OPEN_PALM,0.95,OPEN_PALM,1.00
2026-04-24 17:31:14,OPEN_PALM,0.95,OPEN_PALM,1.00
2026-04-24 17:31:14,OPEN_PALM,0.95,OPEN_PALM,1.00
2026-04-24 17:31:14,OPEN_PALM,0.95,OPEN_PALM,1.00
2026-04-24 17:31:14,OPEN_PALM,0.95,OPEN_PALM,1.00
2026-04-24 17:31:15,OPEN_PALM,0.95,OPEN_PALM,1.00
2026-04-24 17:31:15,OPEN_PALM,0.95,OPEN_PALM,1.00
2026-04-24 17:31:15,OPEN_PALM,0.95,OPEN_PALM,1.00
2026-04-24 17:31:15,OPEN_PALM,0.95,OPEN_PALM,1.00
2026-04-24 17:31:15,OPEN_PALM,0.95,OPEN_PALM,1.00
2026-04-24 17:31:15,OPEN_PALM,0.95,OPEN_PALM,1.00
2026-04-24 17:31:15,OPEN_PALM,0.95,OPEN_PALM,1.00
2026-04-24 17:31:15,OPEN_PALM,0.95,OPEN_PALM,1.00
2026-04-24 17:31:15,OPEN_PALM,0.95,OPEN_PALM,1.00
2026-04-24 17:31:15,OPEN_PALM,0.95,OPEN_PALM,1.00
2026-04-24 17:31:15,OPEN_PALM,0.95,OPEN_PALM,1.00
2026-04-24 17:31:16,OPEN_PALM,0.95,OPEN_PALM,1.00
2026-04-24 17:31:16,OPEN_PALM,0.95,OPEN_PALM,1.00
2026-04-24 17:31:16,OPEN_PALM,0.95,OPEN_PALM,1.00
2026-04-24 17:31:16,OPEN_PALM,0.95,OPEN_PALM,1.00
2026-04-24 17:31:16,OPEN_PALM,0.95,OPEN_PALM,1.00
2026-04-24 17:31:16,OPEN_PALM,0.95,OPEN_PALM,1.00
2026-04-24 17:31:16,OPEN_PALM,0.95,OPEN_PALM,1.00
2026-04-24 17:31:16,OPEN_PALM,0.95,OPEN_PALM,1.00
2026-04-24 17:31:16,OPEN_PALM,0.95,OPEN_PALM,1.00
2026-04-24 17:31:16,OPEN_PALM,0.95,OPEN_PALM,1.00
2026-04-24 17:31:16,OPEN_PALM,0.95,OPEN_PALM,1.00
2026-04-24 17:31:16,OPEN_PALM,0.95,OPEN_PALM,1.00
2026-04-24 17:31:16,OPEN_PALM,0.95,OPEN_PALM,1.00
2026-04-24 17:31:16,OPEN_PALM,0.95,OPEN_PALM,1.00
2026-04-24 17:31:16,OPEN_PALM,0.95,OPEN_PALM,1.00
2026-04-24 17:31:17,OPEN_PALM,0.95,OPEN_PALM,1.00
2026-04-24 17:31:17,OPEN_PALM,0.95,OPEN_PALM,1.00
2026-04-24 17:31:17,OPEN_PALM,0.95,OPEN_PALM,1.00
2026-04-24 17:31:17,OPEN_PALM,0.95,OPEN_PALM,1.00
2026-04-24 17:31:17,OPEN_PALM,0.95,OPEN_PALM,1.00
2026-04-24 17:31:17,OPEN_PALM,0.95,OPEN_PALM,1.00
2026-04-24 17:31:17,OPEN_PALM,0.95,OPEN_PALM,1.00
2026-04-24 17:31:17,OPEN_PALM,0.95,OPEN_PALM,1.00
2026-04-24 17:31:17,OPEN_PALM,0.95,OPEN_PALM,1.00
2026-04-24 17:31:17,OPEN_PALM,0.95,OPEN_PALM,1.00
2026-04-24 17:31:17,OPEN_PALM,0.95,OPEN_PALM,1.00
2026-04-24 17:31:17,OPEN_PALM,0.95,OPEN_PALM,1.00
2026-04-24 17:31:17,OPEN_PALM,0.95,OPEN_PALM,1.00
2026-04-24 17:31:17,OPEN_PALM,0.95,OPEN_PALM,1.00
2026-04-24 17:31:17,OPEN_PALM,0.95,OPEN_PALM,1.00
2026-04-24 17:31:17,OPEN_PALM,0.95,OPEN_PALM,1.00
2026-04-24 17:31:17,OPEN_PALM,0.95,OPEN_PALM,1.00
2026-04-24 17:31:18,OPEN_PALM,0.95,OPEN_PALM,1.00
2026-04-24 17:31:18,OPEN_PALM,0.95,OPEN_PALM,1.00
2026-04-24 17:31:18,OPEN_PALM,0.95,OPEN_PALM,1.00
2026-04-24 17:31:18,OPEN_PALM,0.95,OPEN_PALM,1.00
2026-04-24 17:31:18,OPEN_PALM,0.95,OPEN_PALM,1.00
2026-04-24 17:31:18,OPEN_PALM,0.95,OPEN_PALM,1.00
2026-04-24 17:31:18,OPEN_PALM,0.95,OPEN_PALM,1.00
2026-04-24 17:31:18,OPEN_PALM,0.95,OPEN_PALM,1.00
2026-04-24 17:31:18,OPEN_PALM,0.95,OPEN_PALM,1.00
2026-04-24 17:31:18,OPEN_PALM,0.95,OPEN_PALM,1.00
2026-04-24 17:31:18,OPEN_PALM,0.95,OPEN_PALM,1.00
2026-04-24 17:31:18,OPEN_PALM,0.95,OPEN_PALM,1.00
2026-04-24 17:31:18,OPEN_PALM,0.95,OPEN_PALM,1.00
2026-04-24 17:31:18,OPEN_PALM,0.95,OPEN_PALM,1.00
2026-04-24 17:31:19,OPEN_PALM,0.95,OPEN_PALM,1.00
2026-04-24 17:31:19,OPEN_PALM,0.95,OPEN_PALM,1.00
2026-04-24 17:31:19,OPEN_PALM,0.95,OPEN_PALM,1.00
2026-04-24 17:31:19,OPEN_PALM,0.95,OPEN_PALM,1.00
2026-04-24 17:31:19,OPEN_PALM,0.95,OPEN_PALM,1.00
2026-04-24 17:31:19,OPEN_PALM,0.95,OPEN_PALM,1.00
2026-04-24 17:31:19,OPEN_PALM,0.95,OPEN_PALM,1.00
2026-04-24 17:31:20,OPEN_PALM,0.95,OPEN_PALM,1.00
2026-04-24 17:31:20,OPEN_PALM,0.95,OPEN_PALM,1.00
2026-04-24 17:31:20,OPEN_PALM,0.95,OPEN_PALM,1.00
2026-04-24 17:31:20,OPEN_PALM,0.95,OPEN_PALM,1.00
2026-04-24 17:31:20,OPEN_PALM,0.95,OPEN_PALM,1.00
2026-04-24 17:31:20,OPEN_PALM,0.95,OPEN_PALM,1.00
2026-04-24 17:31:20,OPEN_PALM,0.95,OPEN_PALM,1.00
2026-04-24 17:31:20,OPEN_PALM,0.95,OPEN_PALM,1.00
2026-04-24 17:31:20,OPEN_PALM,0.95,OPEN_PALM,1.00
2026-04-24 17:31:20,OPEN_PALM,0.95,OPEN_PALM,1.00
2026-04-24 17:31:20,OPEN_PALM,0.95,OPEN_PALM,1.00
2026-04-24 17:31:20,OPEN_PALM,0.95,OPEN_PALM,1.00
2026-04-24 17:31:20,OPEN_PALM,0.95,OPEN_PALM,1.00
2026-04-24 17:31:20,OPEN_PALM,0.95,OPEN_PALM,1.00
2026-04-24 17:31:20,OPEN_PALM,0.95,OPEN_PALM,1.00
2026-04-24 17:31:20,OPEN_PALM,0.95,OPEN_PALM,1.00
2026-04-24 17:31:20,OPEN_PALM,0.95,OPEN_PALM,1.00
2026-04-24 17:31:21,OPEN_PALM,0.95,OPEN_PALM,1.00
2026-04-24 17:31:21,OPEN_PALM,0.95,OPEN_PALM,1.00
2026-04-24 17:31:21,OPEN_PALM,0.95,OPEN_PALM,1.00
2026-04-24 17:31:21,OPEN_PALM,0.95,OPEN_PALM,1.00
2026-04-24 17:31:21,OPEN_PALM,0.95,OPEN_PALM,1.00
2026-04-24 17:31:21,OPEN_PALM,0.95,OPEN_PALM,1.00
2026-04-24 17:31:21,OPEN_PALM,0.95,OPEN_PALM,1.00
2026-04-24 17:31:21,OPEN_PALM,0.95,OPEN_PALM,1.00
2026-04-24 17:31:21,OPEN_PALM,0.95,OPEN_PALM,1.00
2026-04-24 17:31:21,OPEN_PALM,0.95,OPEN_PALM,1.00
2026-04-24 17:31:21,OPEN_PALM,0.95,OPEN_PALM,1.00
2026-04-24 17:31:21,OPEN_PALM,0.95,OPEN_PALM,1.00
2026-04-24 17:31:21,OPEN_PALM,0.95,OPEN_PALM,1.00
2026-04-24 17:31:21,NONE,0.00,OPEN_PALM,0.90
2026-04-24 17:31:22,NONE,0.00,OPEN_PALM,0.80
2026-04-24 17:31:22,NONE,0.00,OPEN_PALM,0.70
2026-04-24 17:31:22,NONE,0.00,OPEN_PALM,0.60
2026-04-24 17:31:22,NONE,0.00,UNSTABLE,0.50
2026-04-24 17:31:22,OPEN_PALM,0.95,UNSTABLE,0.50
2026-04-24 17:31:22,NONE,0.00,NONE,0.60
2026-04-24 17:31:22,OPEN_PALM,0.95,NONE,0.60
2026-04-24 17:31:22,OPEN_PALM,0.95,NONE,0.60
2026-04-24 17:31:22,OPEN_PALM,0.95,NONE,0.60
2026-04-24 17:31:22,OPEN_PALM,0.95,UNSTABLE,0.50
2026-04-24 17:31:22,OPEN_PALM,0.95,OPEN_PALM,0.60
2026-04-24 17:31:22,OPEN_PALM,0.95,OPEN_PALM,0.70
2026-04-24 17:31:22,OPEN_PALM,0.95,OPEN_PALM,0.80
2026-04-24 17:31:22,OPEN_PALM,0.95,OPEN_PALM,0.90
2026-04-24 17:31:22,OPEN_PALM,0.95,OPEN_PALM,0.90
2026-04-24 17:31:22,OPEN_PALM,0.95,OPEN_PALM,1.00
2026-04-24 17:31:22,OPEN_PALM,0.95,OPEN_PALM,1.00
2026-04-24 17:31:22,OPEN_PALM,0.95,OPEN_PALM,1.00
2026-04-24 17:31:23,OPEN_PALM,0.95,OPEN_PALM,1.00
2026-04-24 17:31:23,OPEN_PALM,0.95,OPEN_PALM,1.00
2026-04-24 17:31:23,OPEN_PALM,0.95,OPEN_PALM,1.00
2026-04-24 17:31:23,OPEN_PALM,0.95,OPEN_PALM,1.00
2026-04-24 17:31:23,OPEN_PALM,0.95,OPEN_PALM,1.00
2026-04-24 17:31:23,OPEN_PALM,0.95,OPEN_PALM,1.00
2026-04-24 17:31:23,OPEN_PALM,0.95,OPEN_PALM,1.00
2026-04-24 17:31:23,OPEN_PALM,0.95,OPEN_PALM,1.00
2026-04-24 17:31:23,OPEN_PALM,0.95,OPEN_PALM,1.00
2026-04-24 17:31:23,OPEN_PALM,0.95,OPEN_PALM,1.00
2026-04-24 17:31:23,OPEN_PALM,0.95,OPEN_PALM,1.00
2026-04-24 17:31:23,OPEN_PALM,0.95,OPEN_PALM,1.00
2026-04-24 17:31:23,OPEN_PALM,0.95,OPEN_PALM,1.00
2026-04-24 17:31:23,OPEN_PALM,0.95,OPEN_PALM,1.00
2026-04-24 17:31:23,OPEN_PALM,0.95,OPEN_PALM,1.00
2026-04-24 17:31:23,OPEN_PALM,0.95,OPEN_PALM,1.00
2026-04-24 17:31:23,OPEN_PALM,0.95,OPEN_PALM,1.00
2026-04-24 17:31:23,OPEN_PALM,0.95,OPEN_PALM,1.00
2026-04-24 17:31:23,OPEN_PALM,0.95,OPEN_PALM,1.00
2026-04-24 17:31:23,OPEN_PALM,0.95,OPEN_PALM,1.00
2026-04-24 17:31:24,OPEN_PALM,0.95,OPEN_PALM,1.00
2026-04-24 17:31:24,OPEN_PALM,0.95,OPEN_PALM,1.00
2026-04-24 17:31:24,OPEN_PALM,0.95,OPEN_PALM,1.00
2026-04-24 17:31:24,OPEN_PALM,0.95,OPEN_PALM,1.00
2026-04-24 17:31:24,OPEN_PALM,0.95,OPEN_PALM,1.00
2026-04-24 17:31:24,TWO_FINGERS,0.90,OPEN_PALM,0.90
2026-04-24 17:31:24,TWO_FINGERS,0.90,OPEN_PALM,0.80
2026-04-24 17:31:24,TWO_FINGERS,0.90,OPEN_PALM,0.70
2026-04-24 17:31:24,TWO_FINGERS,0.90,OPEN_PALM,0.60
2026-04-24 17:31:24,TWO_FINGERS,0.90,UNSTABLE,0.50
2026-04-24 17:31:24,TWO_FINGERS,0.90,TWO_FINGERS,0.60
2026-04-24 17:31:24,OPEN_PALM,0.95,TWO_FINGERS,0.60
2026-04-24 17:31:25,UNKNOWN,0.40,TWO_FINGERS,0.60
2026-04-24 17:31:25,OPEN_PALM,0.95,TWO_FINGERS,0.60
2026-04-24 17:31:25,TWO_FINGERS,0.90,TWO_FINGERS,0.70
2026-04-24 17:31:25,UNKNOWN,0.40,TWO_FINGERS,0.60
2026-04-24 17:31:25,OPEN_PALM,0.95,UNSTABLE,0.50
2026-04-24 17:31:25,OPEN_PALM,0.95,UNSTABLE,0.40
2026-04-24 17:31:25,OPEN_PALM,0.95,UNSTABLE,0.50
2026-04-24 17:31:25,OPEN_PALM,0.95,OPEN_PALM,0.60
2026-04-24 17:31:25,OPEN_PALM,0.95,OPEN_PALM,0.70
2026-04-24 17:31:25,OPEN_PALM,0.95,OPEN_PALM,0.70
2026-04-24 17:31:25,OPEN_PALM,0.95,OPEN_PALM,0.80
2026-04-24 17:31:25,OPEN_PALM,0.95,OPEN_PALM,0.80
2026-04-24 17:31:25,OPEN_PALM,0.95,OPEN_PALM,0.90
2026-04-24 17:31:25,OPEN_PALM,0.95,OPEN_PALM,1.00
2026-04-24 17:31:25,OPEN_PALM,0.95,OPEN_PALM,1.00
2026-04-24 17:31:25,OPEN_PALM,0.95,OPEN_PALM,1.00
2026-04-24 17:31:26,OPEN_PALM,0.95,OPEN_PALM,1.00
2026-04-24 17:31:26,OPEN_PALM,0.95,OPEN_PALM,1.00
2026-04-24 17:31:26,OPEN_PALM,0.95,OPEN_PALM,1.00
2026-04-24 17:31:26,OPEN_PALM,0.95,OPEN_PALM,1.00
2026-04-24 17:31:26,OPEN_PALM,0.95,OPEN_PALM,1.00
2026-04-24 17:31:26,OPEN_PALM,0.95,OPEN_PALM,1.00
2026-04-24 17:31:26,OPEN_PALM,0.95,OPEN_PALM,1.00
2026-04-24 17:31:26,OPEN_PALM,0.95,OPEN_PALM,1.00
2026-04-24 17:31:26,OPEN_PALM,0.95,OPEN_PALM,1.00
2026-04-24 17:31:26,OPEN_PALM,0.95,OPEN_PALM,1.00
2026-04-24 17:31:26,OPEN_PALM,0.95,OPEN_PALM,1.00
2026-04-24 17:31:26,OPEN_PALM,0.95,OPEN_PALM,1.00
2026-04-24 17:31:26,OPEN_PALM,0.95,OPEN_PALM,1.00
2026-04-24 17:31:26,OPEN_PALM,0.95,OPEN_PALM,1.00
2026-04-24 17:31:27,OPEN_PALM,0.95,OPEN_PALM,1.00
2026-04-24 17:31:27,OPEN_PALM,0.95,OPEN_PALM,1.00
2026-04-24 17:31:28,OPEN_PALM,0.95,OPEN_PALM,1.00
2026-04-24 17:31:28,OPEN_PALM,0.95,OPEN_PALM,1.00
2026-04-24 17:31:28,OPEN_PALM,0.95,OPEN_PALM,1.00
2026-04-24 17:31:28,OPEN_PALM,0.95,OPEN_PALM,1.00
2026-04-24 17:31:28,OPEN_PALM,0.95,OPEN_PALM,1.00
2026-04-24 17:31:28,OPEN_PALM,0.95,OPEN_PALM,1.00
2026-04-24 17:31:28,OPEN_PALM,0.95,OPEN_PALM,1.00
2026-04-24 17:31:28,OPEN_PALM,0.95,OPEN_PALM,1.00
2026-04-24 17:31:28,OPEN_PALM,0.95,OPEN_PALM,1.00
2026-04-24 17:31:28,OPEN_PALM,0.95,OPEN_PALM,1.00
2026-04-24 17:31:28,OPEN_PALM,0.95,OPEN_PALM,1.00
2026-04-24 17:31:28,OPEN_PALM,0.95,OPEN_PALM,1.00
2026-04-24 17:31:28,OPEN_PALM,0.95,OPEN_PALM,1.00
2026-04-24 17:31:28,OPEN_PALM,0.95,OPEN_PALM,1.00
2026-04-24 17:31:28,OPEN_PALM,0.95,OPEN_PALM,1.00
2026-04-24 17:31:28,OPEN_PALM,0.95,OPEN_PALM,1.00
2026-04-24 17:31:28,OPEN_PALM,0.95,OPEN_PALM,1.00
2026-04-24 17:31:28,OPEN_PALM,0.95,OPEN_PALM,1.00
2026-04-24 17:31:29,OPEN_PALM,0.95,OPEN_PALM,1.00
2026-04-24 17:31:29,OPEN_PALM,0.95,OPEN_PALM,1.00
2026-04-24 17:31:29,OPEN_PALM,0.95,OPEN_PALM,1.00
2026-04-24 17:31:29,OPEN_PALM,0.95,OPEN_PALM,1.00
2026-04-24 17:31:29,OPEN_PALM,0.95,OPEN_PALM,1.00
2026-04-24 17:31:29,OPEN_PALM,0.95,OPEN_PALM,1.00
2026-04-24 17:31:29,OPEN_PALM,0.95,OPEN_PALM,1.00
2026-04-24 17:31:29,OPEN_PALM,0.95,OPEN_PALM,1.00
2026-04-24 17:31:29,OPEN_PALM,0.95,OPEN_PALM,1.00
2026-04-24 17:31:29,OPEN_PALM,0.95,OPEN_PALM,1.00
2026-04-24 17:31:29,OPEN_PALM,0.95,OPEN_PALM,1.00
2026-04-24 17:31:29,OPEN_PALM,0.95,OPEN_PALM,1.00
2026-04-24 17:31:29,OPEN_PALM,0.95,OPEN_PALM,1.00
2026-04-24 17:31:29,OPEN_PALM,0.95,OPEN_PALM,1.00
2026-04-24 17:31:30,OPEN_PALM,0.95,OPEN_PALM,1.00
2026-04-24 17:31:30,OPEN_PALM,0.95,OPEN_PALM,1.00
2026-04-24 17:31:30,OPEN_PALM,0.95,OPEN_PALM,1.00
2026-04-24 17:31:30,OPEN_PALM,0.95,OPEN_PALM,1.00
2026-04-24 17:31:30,OPEN_PALM,0.95,OPEN_PALM,1.00
2026-04-24 17:31:30,OPEN_PALM,0.95,OPEN_PALM,1.00
2026-04-24 17:31:30,OPEN_PALM,0.95,OPEN_PALM,1.00
2026-04-24 17:31:30,OPEN_PALM,0.95,OPEN_PALM,1.00
2026-04-24 17:31:30,OPEN_PALM,0.95,OPEN_PALM,1.00
2026-04-24 17:31:30,OPEN_PALM,0.95,OPEN_PALM,1.00
2026-04-24 17:31:30,OPEN_PALM,0.95,OPEN_PALM,1.00
2026-04-24 17:31:30,OPEN_PALM,0.95,OPEN_PALM,1.00
2026-04-24 17:31:30,OPEN_PALM,0.95,OPEN_PALM,1.00
2026-04-24 17:31:30,OPEN_PALM,0.95,OPEN_PALM,1.00
2026-04-24 17:31:31,OPEN_PALM,0.95,OPEN_PALM,1.00
2026-04-24 17:31:31,OPEN_PALM,0.95,OPEN_PALM,1.00
2026-04-24 17:31:31,OPEN_PALM,0.95,OPEN_PALM,1.00
2026-04-24 17:31:31,OPEN_PALM,0.95,OPEN_PALM,1.00
2026-04-24 17:31:31,OPEN_PALM,0.95,OPEN_PALM,1.00
2026-04-24 17:31:31,OPEN_PALM,0.95,OPEN_PALM,1.00
2026-04-24 17:31:31,OPEN_PALM,0.95,OPEN_PALM,1.00
2026-04-24 17:31:31,OPEN_PALM,0.95,OPEN_PALM,1.00
2026-04-24 17:31:31,OPEN_PALM,0.95,OPEN_PALM,1.00
2026-04-24 17:31:31,OPEN_PALM,0.95,OPEN_PALM,1.00
2026-04-24 17:31:31,OPEN_PALM,0.95,OPEN_PALM,1.00
2026-04-24 17:31:31,OPEN_PALM,0.95,OPEN_PALM,1.00
2026-04-24 17:31:31,OPEN_PALM,0.95,OPEN_PALM,1.00
2026-04-24 17:31:31,OPEN_PALM,0.95,OPEN_PALM,1.00
2026-04-24 17:31:31,OPEN_PALM,0.95,OPEN_PALM,1.00
2026-04-24 17:31:32,OPEN_PALM,0.95,OPEN_PALM,1.00
2026-04-24 17:31:32,OPEN_PALM,0.95,OPEN_PALM,1.00
2026-04-24 17:31:32,OPEN_PALM,0.95,OPEN_PALM,1.00
2026-04-24 17:31:32,OPEN_PALM,0.95,OPEN_PALM,1.00
2026-04-24 17:31:32,OPEN_PALM,0.95,OPEN_PALM,1.00
2026-04-24 17:31:32,OPEN_PALM,0.95,OPEN_PALM,1.00
2026-04-24 17:31:32,OPEN_PALM,0.95,OPEN_PALM,1.00
2026-04-24 17:31:32,OPEN_PALM,0.95,OPEN_PALM,1.00
2026-04-24 17:31:32,OPEN_PALM,0.95,OPEN_PALM,1.00
2026-04-24 17:31:32,OPEN_PALM,0.95,OPEN_PALM,1.00
2026-04-24 17:31:32,OPEN_PALM,0.95,OPEN_PALM,1.00
2026-04-24 17:31:32,OPEN_PALM,0.95,OPEN_PALM,1.00
2026-04-24 17:31:32,OPEN_PALM,0.95,OPEN_PALM,1.00
2026-04-24 17:31:32,OPEN_PALM,0.95,OPEN_PALM,1.00
2026-04-24 17:31:33,OPEN_PALM,0.95,OPEN_PALM,1.00
2026-04-24 17:31:33,OPEN_PALM,0.95,OPEN_PALM,1.00
2026-04-24 17:31:33,OPEN_PALM,0.95,OPEN_PALM,1.00
2026-04-24 17:31:33,OPEN_PALM,0.95,OPEN_PALM,1.00
2026-04-24 17:31:33,OPEN_PALM,0.95,OPEN_PALM,1.00
2026-04-24 17:31:33,OPEN_PALM,0.95,OPEN_PALM,1.00
2026-04-24 17:31:33,OPEN_PALM,0.95,OPEN_PALM,1.00
2026-04-24 17:31:33,OPEN_PALM,0.95,OPEN_PALM,1.00
2026-04-24 17:31:33,OPEN_PALM,0.95,OPEN_PALM,1.00
2026-04-24 17:31:33,OPEN_PALM,0.95,OPEN_PALM,1.00
2026-04-24 17:31:33,OPEN_PALM,0.95,OPEN_PALM,1.00
2026-04-24 17:31:33,OPEN_PALM,0.95,OPEN_PALM,1.00
2026-04-24 17:31:34,OPEN_PALM,0.95,OPEN_PALM,1.00
2026-04-24 17:31:34,OPEN_PALM,0.95,OPEN_PALM,1.00
2026-04-24 17:31:34,OPEN_PALM,0.95,OPEN_PALM,1.00
2026-04-24 17:31:34,OPEN_PALM,0.95,OPEN_PALM,1.00
2026-04-24 17:31:34,OPEN_PALM,0.95,OPEN_PALM,1.00
2026-04-24 17:31:34,OPEN_PALM,0.95,OPEN_PALM,1.00
2026-04-24 17:31:34,OPEN_PALM,0.95,OPEN_PALM,1.00
2026-04-24 17:31:34,OPEN_PALM,0.95,OPEN_PALM,1.00
2026-04-24 17:31:34,OPEN_PALM,0.95,OPEN_PALM,1.00
2026-04-24 17:31:34,OPEN_PALM,0.95,OPEN_PALM,1.00
2026-04-24 17:31:34,OPEN_PALM,0.95,OPEN_PALM,1.00
2026-04-24 17:31:34,OPEN_PALM,0.95,OPEN_PALM,1.00
2026-04-24 17:31:34,OPEN_PALM,0.95,OPEN_PALM,1.00
2026-04-24 17:31:35,OPEN_PALM,0.95,OPEN_PALM,1.00
2026-04-24 17:31:35,OPEN_PALM,0.95,OPEN_PALM,1.00
2026-04-24 17:31:35,OPEN_PALM,0.95,OPEN_PALM,1.00
2026-04-24 17:31:35,OPEN_PALM,0.95,OPEN_PALM,1.00
2026-04-24 17:31:35,OPEN_PALM,0.95,OPEN_PALM,1.00
2026-04-24 17:31:35,OPEN_PALM,0.95,OPEN_PALM,1.00
2026-04-24 17:31:35,OPEN_PALM,0.95,OPEN_PALM,1.00
2026-04-24 17:31:35,OPEN_PALM,0.95,OPEN_PALM,1.00
2026-04-24 17:31:35,OPEN_PALM,0.95,OPEN_PALM,1.00
2026-04-24 17:31:35,OPEN_PALM,0.95,OPEN_PALM,1.00
2026-04-24 17:31:35,OPEN_PALM,0.95,OPEN_PALM,1.00
2026-04-24 17:31:35,OPEN_PALM,0.95,OPEN_PALM,1.00
2026-04-24 17:31:35,OPEN_PALM,0.95,OPEN_PALM,1.00
2026-04-24 17:31:35,OPEN_PALM,0.95,OPEN_PALM,1.00
2026-04-24 17:31:35,OPEN_PALM,0.95,OPEN_PALM,1.00
2026-04-24 17:31:35,OPEN_PALM,0.95,OPEN_PALM,1.00
2026-04-24 17:31:35,OPEN_PALM,0.95,OPEN_PALM,1.00
2026-04-24 17:31:36,OPEN_PALM,0.95,OPEN_PALM,1.00
2026-04-24 17:31:36,OPEN_PALM,0.95,OPEN_PALM,1.00
2026-04-24 17:31:36,OPEN_PALM,0.95,OPEN_PALM,1.00
2026-04-24 17:31:36,OPEN_PALM,0.95,OPEN_PALM,1.00
2026-04-24 17:31:36,OPEN_PALM,0.95,OPEN_PALM,1.00
2026-04-24 17:31:36,OPEN_PALM,0.95,OPEN_PALM,1.00
2026-04-24 17:31:36,OPEN_PALM,0.95,OPEN_PALM,1.00
2026-04-24 17:31:36,OPEN_PALM,0.95,OPEN_PALM,1.00
2026-04-24 17:31:36,OPEN_PALM,0.95,OPEN_PALM,1.00
2026-04-24 17:31:36,OPEN_PALM,0.95,OPEN_PALM,1.00
2026-04-24 17:31:36,OPEN_PALM,0.95,OPEN_PALM,1.00
2026-04-24 17:31:36,OPEN_PALM,0.95,OPEN_PALM,1.00
2026-04-24 17:31:36,OPEN_PALM,0.95,OPEN_PALM,1.00
2026-04-24 17:31:36,OPEN_PALM,0.95,OPEN_PALM,1.00
2026-04-24 17:31:37,OPEN_PALM,0.95,OPEN_PALM,1.00
2026-04-24 17:31:37,OPEN_PALM,0.95,OPEN_PALM,1.00
2026-04-24 17:31:37,OPEN_PALM,0.95,OPEN_PALM,1.00
2026-04-24 17:31:37,OPEN_PALM,0.95,OPEN_PALM,1.00
2026-04-24 17:31:37,OPEN_PALM,0.95,OPEN_PALM,1.00
2026-04-24 17:31:37,OPEN_PALM,0.95,OPEN_PALM,1.00
2026-04-24 17:31:37,OPEN_PALM,0.95,OPEN_PALM,1.00
2026-04-24 17:31:37,OPEN_PALM,0.95,OPEN_PALM,1.00
2026-04-24 17:31:37,OPEN_PALM,0.95,OPEN_PALM,1.00
2026-04-24 17:31:37,OPEN_PALM,0.95,OPEN_PALM,1.00
2026-04-24 17:31:37,OPEN_PALM,0.95,OPEN_PALM,1.00
2026-04-24 17:31:37,OPEN_PALM,0.95,OPEN_PALM,1.00
2026-04-24 17:31:37,OPEN_PALM,0.95,OPEN_PALM,1.00
2026-04-24 17:31:37,OPEN_PALM,0.95,OPEN_PALM,1.00
2026-04-24 17:31:38,OPEN_PALM,0.95,OPEN_PALM,1.00
2026-04-24 17:31:38,OPEN_PALM,0.95,OPEN_PALM,1.00
2026-04-24 17:31:38,OPEN_PALM,0.95,OPEN_PALM,1.00
2026-04-24 17:31:38,OPEN_PALM,0.95,OPEN_PALM,1.00
2026-04-24 17:31:38,OPEN_PALM,0.95,OPEN_PALM,1.00
2026-04-24 17:31:38,OPEN_PALM,0.95,OPEN_PALM,1.00
2026-04-24 17:31:38,OPEN_PALM,0.95,OPEN_PALM,1.00
2026-04-24 17:31:38,OPEN_PALM,0.95,OPEN_PALM,1.00
2026-04-24 17:31:38,OPEN_PALM,0.95,OPEN_PALM,1.00
2026-04-24 17:31:38,OPEN_PALM,0.95,OPEN_PALM,1.00
2026-04-24 17:31:38,OPEN_PALM,0.95,OPEN_PALM,1.00
2026-04-24 17:31:38,OPEN_PALM,0.95,OPEN_PALM,1.00
2026-04-24 17:31:38,OPEN_PALM,0.95,OPEN_PALM,1.00
2026-04-24 17:31:38,OPEN_PALM,0.95,OPEN_PALM,1.00
2026-04-24 17:31:39,OPEN_PALM,0.95,OPEN_PALM,1.00
2026-04-24 17:31:39,OPEN_PALM,0.95,OPEN_PALM,1.00
2026-04-24 17:31:39,OPEN_PALM,0.95,OPEN_PALM,1.00
2026-04-24 17:31:39,OPEN_PALM,0.95,OPEN_PALM,1.00
2026-04-24 17:31:39,OPEN_PALM,0.95,OPEN_PALM,1.00
2026-04-24 17:31:39,OPEN_PALM,0.95,OPEN_PALM,1.00
2026-04-24 17:31:39,OPEN_PALM,0.95,OPEN_PALM,1.00
2026-04-24 17:31:39,OPEN_PALM,0.95,OPEN_PALM,1.00
2026-04-24 17:31:39,OPEN_PALM,0.95,OPEN_PALM,1.00
2026-04-24 17:31:39,OPEN_PALM,0.95,OPEN_PALM,1.00
2026-04-24 17:31:39,OPEN_PALM,0.95,OPEN_PALM,1.00
2026-04-24 17:31:39,OPEN_PALM,0.95,OPEN_PALM,1.00
2026-04-24 17:31:39,OPEN_PALM,0.95,OPEN_PALM,1.00
2026-04-24 17:31:39,OPEN_PALM,0.95,OPEN_PALM,1.00
2026-04-24 17:31:39,OPEN_PALM,0.95,OPEN_PALM,1.00
2026-04-24 17:31:40,OPEN_PALM,0.95,OPEN_PALM,1.00
2026-04-24 17:31:40,OPEN_PALM,0.95,OPEN_PALM,1.00
2026-04-24 17:31:40,OPEN_PALM,0.95,OPEN_PALM,1.00
2026-04-24 17:31:40,OPEN_PALM,0.95,OPEN_PALM,1.00
2026-04-24 17:31:40,OPEN_PALM,0.95,OPEN_PALM,1.00
2026-04-24 17:31:40,OPEN_PALM,0.95,OPEN_PALM,1.00
2026-04-24 17:31:40,OPEN_PALM,0.95,OPEN_PALM,1.00
2026-04-24 17:31:40,TWO_FINGERS,0.90,OPEN_PALM,0.90
2026-04-24 17:31:40,TWO_FINGERS,0.90,OPEN_PALM,0.80
2026-04-24 17:31:40,UNKNOWN,0.40,OPEN_PALM,0.70
2026-04-24 17:31:40,OPEN_PALM,0.95,OPEN_PALM,0.70
2026-04-24 17:31:40,OPEN_PALM,0.95,OPEN_PALM,0.70
2026-04-24 17:31:40,OPEN_PALM,0.95,OPEN_PALM,0.70
2026-04-24 17:31:40,OPEN_PALM,0.95,OPEN_PALM,0.70
2026-04-24 17:31:41,OPEN_PALM,0.95,OPEN_PALM,0.70
2026-04-24 17:31:41,OPEN_PALM,0.95,OPEN_PALM,0.70
2026-04-24 17:31:41,OPEN_PALM,0.95,OPEN_PALM,0.70
2026-04-24 17:31:41,OPEN_PALM,0.95,OPEN_PALM,0.80
2026-04-24 17:31:41,OPEN_PALM,0.95,OPEN_PALM,0.90
2026-04-24 17:31:41,OPEN_PALM,0.95,OPEN_PALM,1.00
2026-04-24 17:31:41,OPEN_PALM,0.95,OPEN_PALM,1.00
2026-04-24 17:31:41,OPEN_PALM,0.95,OPEN_PALM,1.00
2026-04-24 17:31:41,OPEN_PALM,0.95,OPEN_PALM,1.00
2026-04-24 17:31:41,OPEN_PALM,0.95,OPEN_PALM,1.00
2026-04-24 17:31:41,OPEN_PALM,0.95,OPEN_PALM,1.00
2026-04-24 17:31:41,OPEN_PALM,0.95,OPEN_PALM,1.00
2026-04-24 17:31:41,OPEN_PALM,0.95,OPEN_PALM,1.00
2026-04-24 17:31:41,OPEN_PALM,0.95,OPEN_PALM,1.00
2026-04-24 17:31:42,OPEN_PALM,0.95,OPEN_PALM,1.00
2026-04-24 17:31:42,OPEN_PALM,0.95,OPEN_PALM,1.00
2026-04-24 17:31:42,OPEN_PALM,0.95,OPEN_PALM,1.00
2026-04-24 17:31:42,OPEN_PALM,0.95,OPEN_PALM,1.00
2026-04-24 17:31:42,OPEN_PALM,0.95,OPEN_PALM,1.00
2026-04-24 17:31:42,OPEN_PALM,0.95,OPEN_PALM,1.00
2026-04-24 17:31:42,OPEN_PALM,0.95,OPEN_PALM,1.00
2026-04-24 17:31:42,OPEN_PALM,0.95,OPEN_PALM,1.00
2026-04-24 17:31:42,OPEN_PALM,0.95,OPEN_PALM,1.00
2026-04-24 17:31:42,OPEN_PALM,0.95,OPEN_PALM,1.00
2026-04-24 17:31:42,OPEN_PALM,0.95,OPEN_PALM,1.00
2026-04-24 17:31:42,OPEN_PALM,0.95,OPEN_PALM,1.00
2026-04-24 17:31:42,OPEN_PALM,0.95,OPEN_PALM,1.00
2026-04-24 17:31:42,OPEN_PALM,0.95,OPEN_PALM,1.00
2026-04-24 17:31:42,OPEN_PALM,0.95,OPEN_PALM,1.00
2026-04-24 17:31:43,OPEN_PALM,0.95,OPEN_PALM,1.00
2026-04-24 17:31:43,OPEN_PALM,0.95,OPEN_PALM,1.00
2026-04-24 17:31:43,OPEN_PALM,0.95,OPEN_PALM,1.00
2026-04-24 17:31:43,OPEN_PALM,0.95,OPEN_PALM,1.00
2026-04-24 17:31:43,OPEN_PALM,0.95,OPEN_PALM,1.00
2026-04-24 17:31:43,OPEN_PALM,0.95,OPEN_PALM,1.00
2026-04-24 17:31:43,OPEN_PALM,0.95,OPEN_PALM,1.00
2026-04-24 17:31:43,OPEN_PALM,0.95,OPEN_PALM,1.00
2026-04-24 17:31:43,OPEN_PALM,0.95,OPEN_PALM,1.00
2026-04-24 17:31:43,OPEN_PALM,0.95,OPEN_PALM,1.00
2026-04-24 17:31:43,OPEN_PALM,0.95,OPEN_PALM,1.00
2026-04-24 17:31:43,OPEN_PALM,0.95,OPEN_PALM,1.00
2026-04-24 17:31:43,OPEN_PALM,0.95,OPEN_PALM,1.00
2026-04-24 17:31:43,OPEN_PALM,0.95,OPEN_PALM,1.00
2026-04-24 17:31:44,OPEN_PALM,0.95,OPEN_PALM,1.00
2026-04-24 17:31:44,OPEN_PALM,0.95,OPEN_PALM,1.00
2026-04-24 17:31:44,OPEN_PALM,0.95,OPEN_PALM,1.00
2026-04-24 17:31:44,OPEN_PALM,0.95,OPEN_PALM,1.00
2026-04-24 17:31:44,OPEN_PALM,0.95,OPEN_PALM,1.00
2026-04-24 17:31:44,OPEN_PALM,0.95,OPEN_PALM,1.00
2026-04-24 17:31:44,OPEN_PALM,0.95,OPEN_PALM,1.00
2026-04-24 17:31:44,OPEN_PALM,0.95,OPEN_PALM,1.00
2026-04-24 17:31:44,OPEN_PALM,0.95,OPEN_PALM,1.00
2026-04-24 17:31:44,OPEN_PALM,0.95,OPEN_PALM,1.00
2026-04-24 17:31:44,OPEN_PALM,0.95,OPEN_PALM,1.00
2026-04-24 17:31:45,OPEN_PALM,0.95,OPEN_PALM,1.00
2026-04-24 17:31:45,OPEN_PALM,0.95,OPEN_PALM,1.00
2026-04-24 17:31:46,OPEN_PALM,0.95,OPEN_PALM,1.00
2026-04-24 17:31:46,OPEN_PALM,0.95,OPEN_PALM,1.00
2026-04-24 17:31:46,OPEN_PALM,0.95,OPEN_PALM,1.00
2026-04-24 17:31:46,OPEN_PALM,0.95,OPEN_PALM,1.00
2026-04-24 17:31:46,NONE,0.00,OPEN_PALM,0.90
2026-04-24 17:31:46,NONE,0.00,OPEN_PALM,0.80
2026-04-24 17:31:46,NONE,0.00,OPEN_PALM,0.70
2026-04-24 17:31:46,NONE,0.00,OPEN_PALM,0.60
2026-04-24 17:31:46,NONE,0.00,UNSTABLE,0.50
2026-04-24 17:31:46,NONE,0.00,NONE,0.60
2026-04-24 17:31:46,NONE,0.00,NONE,0.70
2026-04-24 17:31:46,NONE,0.00,NONE,0.80
2026-04-24 17:31:46,NONE,0.00,NONE,0.90
2026-04-24 17:31:46,NONE,0.00,NONE,1.00
2026-04-24 17:31:46,NONE,0.00,NONE,1.00
2026-04-24 17:31:46,NONE,0.00,NONE,1.00
2026-04-24 17:31:47,NONE,0.00,NONE,1.00
2026-04-24 17:31:47,NONE,0.00,NONE,1.00
2026-04-24 17:31:47,NONE,0.00,NONE,1.00
2026-04-24 17:31:47,NONE,0.00,NONE,1.00
2026-04-24 17:31:47,NONE,0.00,NONE,1.00
2026-04-24 17:31:47,NONE,0.00,NONE,1.00
2026-04-24 17:31:47,NONE,0.00,NONE,1.00
2026-04-24 17:31:47,NONE,0.00,NONE,1.00
2026-04-24 17:31:47,NONE,0.00,NONE,1.00
2026-04-24 17:31:47,NONE,0.00,NONE,1.00
2026-04-24 17:31:47,NONE,0.00,NONE,1.00
2026-04-24 17:31:47,NONE,0.00,NONE,1.00
2026-04-24 17:31:47,NONE,0.00,NONE,1.00
2026-04-24 17:31:47,NONE,0.00,NONE,1.00
2026-04-24 17:31:47,NONE,0.00,NONE,1.00
2026-04-24 17:31:47,NONE,0.00,NONE,1.00
2026-04-24 17:31:47,NONE,0.00,NONE,1.00
2026-04-24 17:31:47,NONE,0.00,NONE,1.00
2026-04-24 17:31:47,NONE,0.00,NONE,1.00
2026-04-24 17:31:47,NONE,0.00,NONE,1.00
2026-04-24 17:31:48,NONE,0.00,NONE,1.00
2026-04-24 17:31:48,NONE,0.00,NONE,1.00
2026-04-24 17:31:48,NONE,0.00,NONE,1.00
2026-04-24 17:31:48,NONE,0.00,NONE,1.00
2026-04-24 17:31:48,NONE,0.00,NONE,1.00
2026-04-24 17:31:48,NONE,0.00,NONE,1.00
2026-04-24 17:31:48,NONE,0.00,NONE,1.00
2026-04-24 17:31:48,NONE,0.00,NONE,1.00
2026-04-24 17:31:48,NONE,0.00,NONE,1.00
2026-04-24 17:31:48,NONE,0.00,NONE,1.00
2026-04-24 17:31:48,NONE,0.00,NONE,1.00
2026-04-24 17:31:48,NONE,0.00,NONE,1.00
2026-04-24 17:31:48,NONE,0.00,NONE,1.00
2026-04-24 17:31:48,NONE,0.00,NONE,1.00
2026-04-24 17:31:48,NONE,0.00,NONE,1.00
2026-04-24 17:31:48,NONE,0.00,NONE,1.00
2026-04-24 17:31:48,NONE,0.00,NONE,1.00
2026-04-24 17:31:48,NONE,0.00,NONE,1.00
2026-04-24 17:31:48,NONE,0.00,NONE,1.00
2026-04-24 17:31:48,NONE,0.00,NONE,1.00
2026-04-24 17:31:49,NONE,0.00,NONE,1.00
2026-04-24 17:31:49,NONE,0.00,NONE,1.00
2026-04-24 17:31:49,NONE,0.00,NONE,1.00
2026-04-24 17:31:49,NONE,0.00,NONE,1.00
2026-04-24 17:31:49,NONE,0.00,NONE,1.00
2026-04-24 17:31:49,NONE,0.00,NONE,1.00
2026-04-24 17:31:49,NONE,0.00,NONE,1.00
2026-04-24 17:31:49,NONE,0.00,NONE,1.00
2026-04-24 17:31:49,NONE,0.00,NONE,1.00
2026-04-24 17:31:49,NONE,0.00,NONE,1.00
2026-04-24 17:31:49,NONE,0.00,NONE,1.00
2026-04-24 17:31:49,NONE,0.00,NONE,1.00
2026-04-24 17:31:49,NONE,0.00,NONE,1.00
2026-04-24 17:31:49,NONE,0.00,NONE,1.00
2026-04-24 17:31:49,NONE,0.00,NONE,1.00
2026-04-24 17:31:49,NONE,0.00,NONE,1.00
2026-04-24 17:31:49,NONE,0.00,NONE,1.00
2026-04-24 17:31:49,NONE,0.00,NONE,1.00
2026-04-24 17:31:49,NONE,0.00,NONE,1.00
2026-04-24 17:31:49,NONE,0.00,NONE,1.00
2026-04-24 17:31:50,NONE,0.00,NONE,1.00
2026-04-24 17:31:50,NONE,0.00,NONE,1.00
2026-04-24 17:31:50,NONE,0.00,NONE,1.00
2026-04-24 17:31:50,NONE,0.00,NONE,1.00
2026-04-24 17:31:50,NONE,0.00,NONE,1.00
2026-04-24 17:31:50,NONE,0.00,NONE,1.00
2026-04-24 17:31:50,NONE,0.00,NONE,1.00
2026-04-24 17:31:50,NONE,0.00,NONE,1.00
2026-04-24 17:31:50,NONE,0.00,NONE,1.00
2026-04-24 17:31:50,NONE,0.00,NONE,1.00
2026-04-24 17:31:50,NONE,0.00,NONE,1.00
2026-04-24 17:31:50,NONE,0.00,NONE,1.00
2026-04-24 17:31:50,NONE,0.00,NONE,1.00
2026-04-24 17:31:50,NONE,0.00,NONE,1.00
2026-04-24 17:31:50,NONE,0.00,NONE,1.00
2026-04-24 17:31:50,NONE,0.00,NONE,1.00
2026-04-24 17:31:50,NONE,0.00,NONE,1.00
2026-04-24 17:31:50,NONE,0.00,NONE,1.00
2026-04-24 17:31:50,NONE,0.00,NONE,1.00
2026-04-24 17:31:51,NONE,0.00,NONE,1.00
2026-04-24 17:31:51,NONE,0.00,NONE,1.00
2026-04-24 17:31:51,NONE,0.00,NONE,1.00
2026-04-24 17:31:51,NONE,0.00,NONE,1.00
2026-04-24 17:31:51,NONE,0.00,NONE,1.00
2026-04-24 17:31:51,NONE,0.00,NONE,1.00
2026-04-24 17:31:51,NONE,0.00,NONE,1.00
2026-04-24 17:31:51,NONE,0.00,NONE,1.00
2026-04-24 17:31:51,NONE,0.00,NONE,1.00
2026-04-24 17:31:51,NONE,0.00,NONE,1.00
2026-04-24 17:31:51,NONE,0.00,NONE,1.00
2026-04-24 17:31:51,NONE,0.00,NONE,1.00
2026-04-24 17:31:51,NONE,0.00,NONE,1.00
2026-04-24 17:31:51,NONE,0.00,NONE,1.00
2026-04-24 17:31:51,NONE,0.00,NONE,1.00
2026-04-24 17:31:51,NONE,0.00,NONE,1.00
2026-04-24 17:31:51,NONE,0.00,NONE,1.00
2026-04-24 17:31:51,NONE,0.00,NONE,1.00
2026-04-24 17:31:51,NONE,0.00,NONE,1.00
2026-04-24 17:31:51,NONE,0.00,NONE,1.00
2026-04-24 17:31:51,NONE,0.00,NONE,1.00
2026-04-24 17:31:52,NONE,0.00,NONE,1.00
2026-04-24 17:31:52,NONE,0.00,NONE,1.00
2026-04-24 17:31:52,NONE,0.00,NONE,1.00
2026-04-24 17:31:52,NONE,0.00,NONE,1.00
2026-04-24 17:31:52,NONE,0.00,NONE,1.00
2026-04-24 17:31:52,NONE,0.00,NONE,1.00
2026-04-24 17:31:52,NONE,0.00,NONE,1.00
2026-04-24 17:31:52,NONE,0.00,NONE,1.00
2026-04-24 17:31:52,NONE,0.00,NONE,1.00
2026-04-24 17:31:52,NONE,0.00,NONE,1.00
2026-04-24 17:31:52,NONE,0.00,NONE,1.00
2026-04-24 17:31:52,NONE,0.00,NONE,1.00
2026-04-24 17:31:52,NONE,0.00,NONE,1.00
2026-04-24 17:31:52,NONE,0.00,NONE,1.00
2026-04-24 17:31:52,NONE,0.00,NONE,1.00
2026-04-24 17:31:52,NONE,0.00,NONE,1.00
2026-04-24 17:31:52,NONE,0.00,NONE,1.00
2026-04-24 17:31:52,NONE,0.00,NONE,1.00
2026-04-24 17:31:52,NONE,0.00,NONE,1.00
2026-04-24 17:31:52,NONE,0.00,NONE,1.00
2026-04-24 17:31:53,NONE,0.00,NONE,1.00
2026-04-24 17:31:53,NONE,0.00,NONE,1.00
2026-04-24 17:31:53,NONE,0.00,NONE,1.00
2026-04-24 17:31:53,NONE,0.00,NONE,1.00
2026-04-24 17:31:53,NONE,0.00,NONE,1.00
2026-04-24 17:31:53,NONE,0.00,NONE,1.00
2026-04-24 17:31:53,NONE,0.00,NONE,1.00
2026-04-24 17:31:53,NONE,0.00,NONE,1.00
2026-04-24 17:31:53,NONE,0.00,NONE,1.00
2026-04-24 17:31:53,NONE,0.00,NONE,1.00
2026-04-24 17:31:53,NONE,0.00,NONE,1.00
2026-04-24 17:31:53,NONE,0.00,NONE,1.00
2026-04-24 17:31:53,NONE,0.00,NONE,1.00
2026-04-24 17:31:53,NONE,0.00,NONE,1.00
2026-04-24 17:31:53,NONE,0.00,NONE,1.00
2026-04-24 17:31:53,NONE,0.00,NONE,1.00
2026-04-24 17:31:53,NONE,0.00,NONE,1.00
2026-04-24 17:31:53,NONE,0.00,NONE,1.00
2026-04-24 17:31:53,NONE,0.00,NONE,1.00
2026-04-24 17:31:53,NONE,0.00,NONE,1.00
2026-04-24 17:31:54,NONE,0.00,NONE,1.00
2026-04-24 17:31:54,NONE,0.00,NONE,1.00
2026-04-24 17:31:54,NONE,0.00,NONE,1.00
2026-04-24 17:31:54,NONE,0.00,NONE,1.00
2026-04-24 17:31:54,NONE,0.00,NONE,1.00
2026-04-24 17:31:54,NONE,0.00,NONE,1.00
2026-04-24 17:31:54,NONE,0.00,NONE,1.00
2026-04-24 17:31:54,NONE,0.00,NONE,1.00
2026-04-24 17:31:54,NONE,0.00,NONE,1.00
2026-04-24 17:31:54,NONE,0.00,NONE,1.00
2026-04-24 17:31:54,NONE,0.00,NONE,1.00
2026-04-24 17:31:54,NONE,0.00,NONE,1.00
2026-04-24 17:31:54,NONE,0.00,NONE,1.00
2026-04-24 17:31:54,NONE,0.00,NONE,1.00
2026-04-24 17:31:54,NONE,0.00,NONE,1.00
2026-04-24 17:31:54,NONE,0.00,NONE,1.00
2026-04-24 17:31:54,NONE,0.00,NONE,1.00
2026-04-24 17:31:54,NONE,0.00,NONE,1.00
2026-04-24 17:31:54,NONE,0.00,NONE,1.00
2026-04-24 17:31:54,NONE,0.00,NONE,1.00
2026-04-24 17:31:55,NONE,0.00,NONE,1.00
2026-04-24 17:31:55,NONE,0.00,NONE,1.00
2026-04-24 17:31:55,NONE,0.00,NONE,1.00
2026-04-24 17:31:55,NONE,0.00,NONE,1.00
2026-04-24 17:31:55,NONE,0.00,NONE,1.00
2026-04-24 17:31:55,NONE,0.00,NONE,1.00
2026-04-24 17:31:55,NONE,0.00,NONE,1.00
2026-04-24 17:31:55,NONE,0.00,NONE,1.00
2026-04-24 17:31:55,NONE,0.00,NONE,1.00
2026-04-24 17:31:55,NONE,0.00,NONE,1.00
2026-04-24 17:31:55,NONE,0.00,NONE,1.00
2026-04-24 17:31:55,NONE,0.00,NONE,1.00
2026-04-24 17:31:55,NONE,0.00,NONE,1.00
2026-04-24 17:31:55,NONE,0.00,NONE,1.00
2026-04-24 17:31:55,NONE,0.00,NONE,1.00
2026-04-24 17:31:55,NONE,0.00,NONE,1.00
2026-04-24 17:31:55,NONE,0.00,NONE,1.00
2026-04-24 17:31:55,NONE,0.00,NONE,1.00
2026-04-24 17:31:56,NONE,0.00,NONE,1.00
2026-04-24 17:31:56,NONE,0.00,NONE,1.00
2026-04-24 17:31:56,NONE,0.00,NONE,1.00
2026-04-24 17:31:56,NONE,0.00,NONE,1.00
2026-04-24 17:31:56,NONE,0.00,NONE,1.00
2026-04-24 17:31:56,NONE,0.00,NONE,1.00
2026-04-24 17:31:56,NONE,0.00,NONE,1.00
2026-04-24 17:31:56,NONE,0.00,NONE,1.00
2026-04-24 17:31:56,NONE,0.00,NONE,1.00
2026-04-24 17:31:56,NONE,0.00,NONE,1.00
2026-04-24 17:31:56,NONE,0.00,NONE,1.00
2026-04-24 17:31:56,NONE,0.00,NONE,1.00
2026-04-24 17:31:56,NONE,0.00,NONE,1.00
2026-04-24 17:31:56,NONE,0.00,NONE,1.00
2026-04-24 17:31:56,NONE,0.00,NONE,1.00
2026-04-24 17:31:56,NONE,0.00,NONE,1.00
2026-04-24 17:31:56,NONE,0.00,NONE,1.00
2026-04-24 17:31:56,OPEN_PALM,0.95,NONE,0.90
2026-04-24 17:31:56,UNKNOWN,0.40,NONE,0.80
2026-04-24 17:31:56,OPEN_PALM,0.95,NONE,0.70
2026-04-24 17:31:56,OPEN_PALM,0.95,NONE,0.60
2026-04-24 17:31:56,UNKNOWN,0.40,UNSTABLE,0.50
2026-04-24 17:31:57,POINT,0.85,UNSTABLE,0.40
2026-04-24 17:31:57,UNKNOWN,0.40,UNSTABLE,0.30
2026-04-24 17:31:57,UNKNOWN,0.40,UNSTABLE,0.40
2026-04-24 17:31:57,UNKNOWN,0.40,UNSTABLE,0.50
2026-04-24 17:31:57,UNKNOWN,0.40,UNSTABLE,0.60
2026-04-24 17:31:57,UNKNOWN,0.40,UNSTABLE,0.70
2026-04-24 17:31:57,POINT,0.85,UNSTABLE,0.60
2026-04-24 17:31:57,POINT,0.85,UNSTABLE,0.60
2026-04-24 17:31:57,POINT,0.85,UNSTABLE,0.60
2026-04-24 17:31:57,POINT,0.85,UNSTABLE,0.50
2026-04-24 17:31:57,POINT,0.85,UNSTABLE,0.50
2026-04-24 17:31:57,POINT,0.85,POINT,0.60
2026-04-24 17:31:57,POINT,0.85,POINT,0.70
2026-04-24 17:31:58,POINT,0.85,POINT,0.80
2026-04-24 17:31:58,POINT,0.85,POINT,0.90
2026-04-24 17:31:58,UNKNOWN,0.40,POINT,0.90
2026-04-24 17:31:58,UNKNOWN,0.40,POINT,0.80
2026-04-24 17:31:58,UNKNOWN,0.40,POINT,0.70
2026-04-24 17:31:58,UNKNOWN,0.40,POINT,0.60
2026-04-24 17:31:58,UNKNOWN,0.40,UNSTABLE,0.50
2026-04-24 17:31:58,UNKNOWN,0.40,UNSTABLE,0.60
2026-04-24 17:31:58,UNKNOWN,0.40,UNSTABLE,0.70
2026-04-24 17:31:58,UNKNOWN,0.40,UNSTABLE,0.80
2026-04-24 17:31:58,UNKNOWN,0.40,UNSTABLE,0.90
2026-04-24 17:31:58,UNKNOWN,0.40,UNSTABLE,1.00
2026-04-24 17:31:58,UNKNOWN,0.40,UNSTABLE,1.00
2026-04-24 17:31:58,UNKNOWN,0.40,UNSTABLE,1.00
2026-04-24 17:31:58,UNKNOWN,0.40,UNSTABLE,1.00
2026-04-24 17:31:58,UNKNOWN,0.40,UNSTABLE,1.00
2026-04-24 17:31:58,UNKNOWN,0.40,UNSTABLE,1.00
2026-04-24 17:31:58,UNKNOWN,0.40,UNSTABLE,1.00
2026-04-24 17:31:58,UNKNOWN,0.40,UNSTABLE,1.00
2026-04-24 17:31:58,UNKNOWN,0.40,UNSTABLE,1.00
2026-04-24 17:31:58,UNKNOWN,0.40,UNSTABLE,1.00
2026-04-24 17:31:58,UNKNOWN,0.40,UNSTABLE,1.00
2026-04-24 17:31:58,UNKNOWN,0.40,UNSTABLE,1.00
2026-04-24 17:31:58,UNKNOWN,0.40,UNSTABLE,1.00
2026-04-24 17:31:59,UNKNOWN,0.40,UNSTABLE,1.00
2026-04-24 17:31:59,UNKNOWN,0.40,UNSTABLE,1.00
2026-04-24 17:31:59,UNKNOWN,0.40,UNSTABLE,1.00
2026-04-24 17:31:59,UNKNOWN,0.40,UNSTABLE,1.00
2026-04-24 17:31:59,UNKNOWN,0.40,UNSTABLE,1.00
2026-04-24 17:31:59,UNKNOWN,0.40,UNSTABLE,1.00
2026-04-24 17:31:59,UNKNOWN,0.40,UNSTABLE,1.00
2026-04-24 17:31:59,UNKNOWN,0.40,UNSTABLE,1.00
2026-04-24 17:31:59,UNKNOWN,0.40,UNSTABLE,1.00
2026-04-24 17:31:59,UNKNOWN,0.40,UNSTABLE,1.00
2026-04-24 17:31:59,UNKNOWN,0.40,UNSTABLE,1.00
2026-04-24 17:31:59,UNKNOWN,0.40,UNSTABLE,1.00
2026-04-24 17:31:59,UNKNOWN,0.40,UNSTABLE,1.00
2026-04-24 17:31:59,UNKNOWN,0.40,UNSTABLE,1.00
2026-04-24 17:31:59,UNKNOWN,0.40,UNSTABLE,1.00
2026-04-24 17:31:59,UNKNOWN,0.40,UNSTABLE,1.00
2026-04-24 17:31:59,UNKNOWN,0.40,UNSTABLE,1.00
2026-04-24 17:31:59,UNKNOWN,0.40,UNSTABLE,1.00
2026-04-24 17:31:59,UNKNOWN,0.40,UNSTABLE,1.00
2026-04-24 17:31:59,UNKNOWN,0.40,UNSTABLE,1.00
2026-04-24 17:32:00,UNKNOWN,0.40,UNSTABLE,1.00
2026-04-24 17:32:00,UNKNOWN,0.40,UNSTABLE,1.00
2026-04-24 17:32:00,UNKNOWN,0.40,UNSTABLE,1.00
2026-04-24 17:32:00,UNKNOWN,0.40,UNSTABLE,1.00
2026-04-24 17:32:00,UNKNOWN,0.40,UNSTABLE,1.00
2026-04-24 17:32:00,UNKNOWN,0.40,UNSTABLE,1.00
2026-04-24 17:32:00,UNKNOWN,0.40,UNSTABLE,1.00
2026-04-24 17:32:00,UNKNOWN,0.40,UNSTABLE,1.00
2026-04-24 17:32:00,UNKNOWN,0.40,UNSTABLE,1.00
2026-04-24 17:32:00,UNKNOWN,0.40,UNSTABLE,1.00
2026-04-24 17:32:00,UNKNOWN,0.40,UNSTABLE,1.00
2026-04-24 17:32:00,UNKNOWN,0.40,UNSTABLE,1.00
2026-04-24 17:32:00,UNKNOWN,0.40,UNSTABLE,1.00
2026-04-24 17:32:00,UNKNOWN,0.40,UNSTABLE,1.00
2026-04-24 17:32:00,UNKNOWN,0.40,UNSTABLE,1.00
2026-04-24 17:32:00,UNKNOWN,0.40,UNSTABLE,1.00
2026-04-24 17:32:00,UNKNOWN,0.40,UNSTABLE,1.00
2026-04-24 17:32:00,UNKNOWN,0.40,UNSTABLE,1.00
2026-04-24 17:32:00,UNKNOWN,0.40,UNSTABLE,1.00
2026-04-24 17:32:00,UNKNOWN,0.40,UNSTABLE,1.00
2026-04-24 17:32:01,UNKNOWN,0.40,UNSTABLE,1.00
2026-04-24 17:32:01,UNKNOWN,0.40,UNSTABLE,1.00
2026-04-24 17:32:01,UNKNOWN,0.40,UNSTABLE,1.00
2026-04-24 17:32:01,UNKNOWN,0.40,UNSTABLE,1.00
2026-04-24 17:32:01,UNKNOWN,0.40,UNSTABLE,1.00
2026-04-24 17:32:01,UNKNOWN,0.40,UNSTABLE,1.00
2026-04-24 17:32:01,UNKNOWN,0.40,UNSTABLE,1.00
2026-04-24 17:32:01,UNKNOWN,0.40,UNSTABLE,1.00
2026-04-24 17:32:01,UNKNOWN,0.40,UNSTABLE,1.00
2026-04-24 17:32:01,UNKNOWN,0.40,UNSTABLE,1.00
2026-04-24 17:32:01,UNKNOWN,0.40,UNSTABLE,1.00
2026-04-24 17:32:01,UNKNOWN,0.40,UNSTABLE,1.00
2026-04-24 17:32:01,UNKNOWN,0.40,UNSTABLE,1.00
2026-04-24 17:32:01,UNKNOWN,0.40,UNSTABLE,1.00
2026-04-24 17:32:01,UNKNOWN,0.40,UNSTABLE,1.00
2026-04-24 17:32:01,UNKNOWN,0.40,UNSTABLE,1.00
2026-04-24 17:32:01,UNKNOWN,0.40,UNSTABLE,1.00
2026-04-24 17:32:01,UNKNOWN,0.40,UNSTABLE,1.00
2026-04-24 17:32:01,UNKNOWN,0.40,UNSTABLE,1.00
2026-04-24 17:32:01,UNKNOWN,0.40,UNSTABLE,1.00
2026-04-24 17:32:02,UNKNOWN,0.40,UNSTABLE,1.00
2026-04-24 17:32:02,UNKNOWN,0.40,UNSTABLE,1.00
2026-04-24 17:32:02,UNKNOWN,0.40,UNSTABLE,1.00
2026-04-24 17:32:02,UNKNOWN,0.40,UNSTABLE,1.00
2026-04-24 17:32:02,UNKNOWN,0.40,UNSTABLE,1.00
2026-04-24 17:32:02,UNKNOWN,0.40,UNSTABLE,1.00
2026-04-24 17:32:02,UNKNOWN,0.40,UNSTABLE,1.00
2026-04-24 17:32:02,UNKNOWN,0.40,UNSTABLE,1.00
2026-04-24 17:32:02,UNKNOWN,0.40,UNSTABLE,1.00
2026-04-24 17:32:02,UNKNOWN,0.40,UNSTABLE,1.00
2026-04-24 17:32:02,UNKNOWN,0.40,UNSTABLE,1.00
2026-04-24 17:32:02,UNKNOWN,0.40,UNSTABLE,1.00
2026-04-24 17:32:02,UNKNOWN,0.40,UNSTABLE,1.00
2026-04-24 17:32:02,UNKNOWN,0.40,UNSTABLE,1.00
2026-04-24 17:32:02,UNKNOWN,0.40,UNSTABLE,1.00
2026-04-24 17:32:02,UNKNOWN,0.40,UNSTABLE,1.00
2026-04-24 17:32:02,UNKNOWN,0.40,UNSTABLE,1.00
2026-04-24 17:32:02,UNKNOWN,0.40,UNSTABLE,1.00
2026-04-24 17:32:02,UNKNOWN,0.40,UNSTABLE,1.00
2026-04-24 17:32:03,UNKNOWN,0.40,UNSTABLE,1.00
2026-04-24 17:32:03,UNKNOWN,0.40,UNSTABLE,1.00
2026-04-24 17:32:03,UNKNOWN,0.40,UNSTABLE,1.00
2026-04-24 17:32:03,UNKNOWN,0.40,UNSTABLE,1.00
2026-04-24 17:32:03,UNKNOWN,0.40,UNSTABLE,1.00
2026-04-24 17:32:03,UNKNOWN,0.40,UNSTABLE,1.00
2026-04-24 17:32:03,UNKNOWN,0.40,UNSTABLE,1.00
2026-04-24 17:32:03,UNKNOWN,0.40,UNSTABLE,1.00
2026-04-24 17:32:03,UNKNOWN,0.40,UNSTABLE,1.00
2026-04-24 17:32:03,UNKNOWN,0.40,UNSTABLE,1.00
2026-04-24 17:32:03,UNKNOWN,0.40,UNSTABLE,1.00
2026-04-24 17:32:03,UNKNOWN,0.40,UNSTABLE,1.00
2026-04-24 17:32:03,UNKNOWN,0.40,UNSTABLE,1.00
2026-04-24 17:32:03,UNKNOWN,0.40,UNSTABLE,1.00
2026-04-24 17:32:03,UNKNOWN,0.40,UNSTABLE,1.00
2026-04-24 17:32:03,UNKNOWN,0.40,UNSTABLE,1.00
2026-04-24 17:32:03,UNKNOWN,0.40,UNSTABLE,1.00
2026-04-24 17:32:03,UNKNOWN,0.40,UNSTABLE,1.00
2026-04-24 17:32:03,UNKNOWN,0.40,UNSTABLE,1.00
2026-04-24 17:32:03,UNKNOWN,0.40,UNSTABLE,1.00
2026-04-24 17:32:04,UNKNOWN,0.40,UNSTABLE,1.00
2026-04-24 17:32:04,UNKNOWN,0.40,UNSTABLE,1.00
2026-04-24 17:32:04,UNKNOWN,0.40,UNSTABLE,1.00
2026-04-24 17:32:04,UNKNOWN,0.40,UNSTABLE,1.00
2026-04-24 17:32:04,UNKNOWN,0.40,UNSTABLE,1.00
2026-04-24 17:32:04,UNKNOWN,0.40,UNSTABLE,1.00
2026-04-24 17:32:04,UNKNOWN,0.40,UNSTABLE,1.00
2026-04-24 17:32:04,UNKNOWN,0.40,UNSTABLE,1.00
2026-04-24 17:32:04,UNKNOWN,0.40,UNSTABLE,1.00
2026-04-24 17:32:04,UNKNOWN,0.40,UNSTABLE,1.00
2026-04-24 17:32:04,UNKNOWN,0.40,UNSTABLE,1.00
2026-04-24 17:32:04,UNKNOWN,0.40,UNSTABLE,1.00
2026-04-24 17:32:04,UNKNOWN,0.40,UNSTABLE,1.00
2026-04-24 17:32:04,UNKNOWN,0.40,UNSTABLE,1.00
2026-04-24 17:32:04,UNKNOWN,0.40,UNSTABLE,1.00
2026-04-24 17:32:04,UNKNOWN,0.40,UNSTABLE,1.00
2026-04-24 17:32:04,UNKNOWN,0.40,UNSTABLE,1.00
2026-04-24 17:32:04,POINT,0.85,UNSTABLE,0.90
2026-04-24 17:32:04,UNKNOWN,0.40,UNSTABLE,0.90
2026-04-24 17:32:04,UNKNOWN,0.40,UNSTABLE,0.90
2026-04-24 17:32:05,UNKNOWN,0.40,UNSTABLE,0.90
2026-04-24 17:32:05,UNKNOWN,0.40,UNSTABLE,0.90
2026-04-24 17:32:05,UNKNOWN,0.40,UNSTABLE,0.90
2026-04-24 17:32:05,UNKNOWN,0.40,UNSTABLE,0.90
2026-04-24 17:32:05,UNKNOWN,0.40,UNSTABLE,0.90
2026-04-24 17:32:05,UNKNOWN,0.40,UNSTABLE,0.90
2026-04-24 17:32:05,UNKNOWN,0.40,UNSTABLE,0.90
2026-04-24 17:32:05,UNKNOWN,0.40,UNSTABLE,1.00
2026-04-24 17:32:05,UNKNOWN,0.40,UNSTABLE,1.00
2026-04-24 17:32:05,POINT,0.85,UNSTABLE,0.90
2026-04-24 17:32:05,POINT,0.85,UNSTABLE,0.80
2026-04-24 17:32:05,POINT,0.85,UNSTABLE,0.70
2026-04-24 17:32:05,POINT,0.85,UNSTABLE,0.60
2026-04-24 17:32:05,POINT,0.85,UNSTABLE,0.50
2026-04-24 17:32:06,POINT,0.85,POINT,0.60
2026-04-24 17:32:06,POINT,0.85,POINT,0.70
2026-04-24 17:32:06,POINT,0.85,POINT,0.80
2026-04-24 17:32:06,POINT,0.85,POINT,0.90
2026-04-24 17:32:06,POINT,0.85,POINT,1.00
2026-04-24 17:32:06,UNKNOWN,0.40,POINT,0.90
2026-04-24 17:32:06,POINT,0.85,POINT,0.90
2026-04-24 17:32:06,POINT,0.85,POINT,0.90
2026-04-24 17:32:06,UNKNOWN,0.40,POINT,0.80
2026-04-24 17:32:06,UNKNOWN,0.40,POINT,0.70
2026-04-24 17:32:06,POINT,0.85,POINT,0.70
2026-04-24 17:32:06,POINT,0.85,POINT,0.70
2026-04-24 17:32:06,UNKNOWN,0.40,POINT,0.60
2026-04-24 17:32:06,UNKNOWN,0.40,UNSTABLE,0.50
2026-04-24 17:32:06,UNKNOWN,0.40,UNSTABLE,0.60
2026-04-24 17:32:06,POINT,0.85,UNSTABLE,0.50
2026-04-24 17:32:06,UNKNOWN,0.40,UNSTABLE,0.60
2026-04-24 17:32:06,POINT,0.85,UNSTABLE,0.60
2026-04-24 17:32:06,UNKNOWN,0.40,UNSTABLE,0.60
2026-04-24 17:32:06,UNKNOWN,0.40,UNSTABLE,0.60
2026-04-24 17:32:06,POINT,0.85,UNSTABLE,0.60
2026-04-24 17:32:06,POINT,0.85,UNSTABLE,0.60
2026-04-24 17:32:07,POINT,0.85,UNSTABLE,0.50
2026-04-24 17:32:07,UNKNOWN,0.40,UNSTABLE,0.50
2026-04-24 17:32:07,UNKNOWN,0.40,UNSTABLE,0.50
2026-04-24 17:32:07,POINT,0.85,UNSTABLE,0.50
2026-04-24 17:32:07,UNKNOWN,0.40,UNSTABLE,0.50
2026-04-24 17:32:07,UNKNOWN,0.40,UNSTABLE,0.60
2026-04-24 17:32:07,UNKNOWN,0.40,UNSTABLE,0.60
2026-04-24 17:32:07,UNKNOWN,0.40,UNSTABLE,0.60
2026-04-24 17:32:07,POINT,0.85,UNSTABLE,0.60
2026-04-24 17:32:07,POINT,0.85,UNSTABLE,0.60
2026-04-24 17:32:07,UNKNOWN,0.40,UNSTABLE,0.70
2026-04-24 17:32:07,UNKNOWN,0.40,UNSTABLE,0.70
2026-04-24 17:32:07,UNKNOWN,0.40,UNSTABLE,0.70
2026-04-24 17:32:07,POINT,0.85,UNSTABLE,0.70
2026-04-24 17:32:07,UNKNOWN,0.40,UNSTABLE,0.70
2026-04-24 17:32:07,UNKNOWN,0.40,UNSTABLE,0.70
2026-04-24 17:32:07,UNKNOWN,0.40,UNSTABLE,0.70
2026-04-24 17:32:07,UNKNOWN,0.40,UNSTABLE,0.70
2026-04-24 17:32:07,UNKNOWN,0.40,UNSTABLE,0.80
2026-04-24 17:32:07,UNKNOWN,0.40,UNSTABLE,0.90
2026-04-24 17:32:08,POINT,0.85,UNSTABLE,0.80
2026-04-24 17:32:08,UNKNOWN,0.40,UNSTABLE,0.80
2026-04-24 17:32:08,UNKNOWN,0.40,UNSTABLE,0.80
2026-04-24 17:32:08,UNKNOWN,0.40,UNSTABLE,0.90
2026-04-24 17:32:08,UNKNOWN,0.40,UNSTABLE,0.90
2026-04-24 17:32:08,UNKNOWN,0.40,UNSTABLE,0.90
2026-04-24 17:32:08,UNKNOWN,0.40,UNSTABLE,0.90
2026-04-24 17:32:08,POINT,0.85,UNSTABLE,0.80
2026-04-24 17:32:08,UNKNOWN,0.40,UNSTABLE,0.80
2026-04-24 17:32:08,UNKNOWN,0.40,UNSTABLE,0.80
2026-04-24 17:32:08,UNKNOWN,0.40,UNSTABLE,0.90
2026-04-24 17:32:08,UNKNOWN,0.40,UNSTABLE,0.90
2026-04-24 17:32:08,UNKNOWN,0.40,UNSTABLE,0.90
2026-04-24 17:32:08,UNKNOWN,0.40,UNSTABLE,0.90
2026-04-24 17:32:08,UNKNOWN,0.40,UNSTABLE,0.90
2026-04-24 17:32:08,UNKNOWN,0.40,UNSTABLE,0.90
2026-04-24 17:32:08,POINT,0.85,UNSTABLE,0.80
2026-04-24 17:32:08,UNKNOWN,0.40,UNSTABLE,0.90
2026-04-24 17:32:08,UNKNOWN,0.40,UNSTABLE,0.90
2026-04-24 17:32:08,UNKNOWN,0.40,UNSTABLE,0.90
2026-04-24 17:32:09,UNKNOWN,0.40,UNSTABLE,0.90
2026-04-24 17:32:09,POINT,0.85,UNSTABLE,0.80
2026-04-24 17:32:09,UNKNOWN,0.40,UNSTABLE,0.80
2026-04-24 17:32:09,POINT,0.85,UNSTABLE,0.70
2026-04-24 17:32:09,POINT,0.85,UNSTABLE,0.60
2026-04-24 17:32:09,POINT,0.85,UNSTABLE,0.50
2026-04-24 17:32:09,POINT,0.85,UNSTABLE,0.50
2026-04-24 17:32:09,POINT,0.85,POINT,0.60
2026-04-24 17:32:09,POINT,0.85,POINT,0.70
2026-04-24 17:32:09,POINT,0.85,POINT,0.80
2026-04-24 17:32:09,POINT,0.85,POINT,0.90
2026-04-24 17:32:09,UNKNOWN,0.40,POINT,0.80
2026-04-24 17:32:09,UNKNOWN,0.40,POINT,0.80
2026-04-24 17:32:09,UNKNOWN,0.40,POINT,0.70
2026-04-24 17:32:09,OPEN_PALM,0.95,POINT,0.60
2026-04-24 17:32:09,NONE,0.00,UNSTABLE,0.50
2026-04-24 17:32:10,NONE,0.00,UNSTABLE,0.40
2026-04-24 17:32:10,NONE,0.00,UNSTABLE,0.30
2026-04-24 17:32:10,NONE,0.00,UNSTABLE,0.40
2026-04-24 17:32:10,NONE,0.00,UNSTABLE,0.50
2026-04-24 17:32:10,NONE,0.00,NONE,0.60
2026-04-24 17:32:10,NONE,0.00,NONE,0.70
2026-04-24 17:32:10,NONE,0.00,NONE,0.80
2026-04-24 17:32:10,NONE,0.00,NONE,0.90
2026-04-24 17:32:10,NONE,0.00,NONE,1.00
2026-04-24 17:32:10,NONE,0.00,NONE,1.00
2026-04-24 17:32:10,NONE,0.00,NONE,1.00
2026-04-24 17:32:10,NONE,0.00,NONE,1.00
2026-04-24 17:32:10,NONE,0.00,NONE,1.00
2026-04-24 17:32:10,NONE,0.00,NONE,1.00
2026-04-24 17:32:10,NONE,0.00,NONE,1.00
2026-04-24 17:32:10,NONE,0.00,NONE,1.00
2026-04-24 17:32:10,NONE,0.00,NONE,1.00
2026-04-24 17:32:10,NONE,0.00,NONE,1.00
2026-04-24 17:32:11,NONE,0.00,NONE,1.00
2026-04-24 17:32:11,NONE,0.00,NONE,1.00
2026-04-24 17:32:11,NONE,0.00,NONE,1.00
2026-04-24 17:32:11,NONE,0.00,NONE,1.00
2026-04-24 17:32:11,NONE,0.00,NONE,1.00
2026-04-24 17:32:11,NONE,0.00,NONE,1.00
2026-04-24 17:32:11,NONE,0.00,NONE,1.00
2026-04-24 17:32:11,NONE,0.00,NONE,1.00
2026-04-24 17:32:11,NONE,0.00,NONE,1.00
2026-04-24 17:32:11,NONE,0.00,NONE,1.00
2026-04-24 17:32:11,NONE,0.00,NONE,1.00
2026-04-24 17:32:11,NONE,0.00,NONE,1.00
2026-04-24 17:32:11,NONE,0.00,NONE,1.00
2026-04-24 17:32:11,NONE,0.00,NONE,1.00
2026-04-24 17:32:11,NONE,0.00,NONE,1.00
2026-04-24 17:32:11,NONE,0.00,NONE,1.00
2026-04-24 17:32:11,NONE,0.00,NONE,1.00
2026-04-24 17:32:11,NONE,0.00,NONE,1.00
2026-04-24 17:32:11,NONE,0.00,NONE,1.00
2026-04-24 17:32:11,NONE,0.00,NONE,1.00
2026-04-24 17:32:11,NONE,0.00,NONE,1.00
2026-04-24 17:32:11,NONE,0.00,NONE,1.00
2026-04-24 17:32:12,NONE,0.00,NONE,1.00
2026-04-24 17:32:12,NONE,0.00,NONE,1.00
2026-04-24 17:32:12,NONE,0.00,NONE,1.00
2026-04-24 17:32:12,NONE,0.00,NONE,1.00
2026-04-24 17:32:12,NONE,0.00,NONE,1.00
2026-04-24 17:32:12,NONE,0.00,NONE,1.00
2026-04-24 17:32:12,NONE,0.00,NONE,1.00
2026-04-24 17:32:12,NONE,0.00,NONE,1.00
